ID,Location,Code,Lat,Lon,Type,Year,Latitude,Longitude,Structure
1,Birdwood,4285,41.11663,-100.8333,PVC structures,2015,41.11663,-100.8333,FISH ATTRACTOR
2,Birdwood,4285,41.11737,-100.8388,PVC structures,2015,41.11737,-100.8388,FISH ATTRACTOR
3,Birdwood,4285,41.1173,-100.8373,PVC structures,2015,41.1173,-100.8373,FISH ATTRACTOR
5,Birdwood,4285,41.11633,-100.8308,PVC structures,2015,41.11633,-100.8308,FISH ATTRACTOR
6,Birdwood,4285,41.11586,-100.8307,Brush Piles,2016,41.11586,-100.8307,BRUSH PILE
8,Birdwood,4285,41.11636,-100.837,Brush Piles,2016,41.11636,-100.837,BRUSH PILE
9,Birdwood,4286,41.11611,-100.8355,Artifical Structures,2016,41.11611,-100.8355,FISH ATTRACTOR
10,Birdwood,4287,41.11747,-100.8387,Artifical Structures,2016,41.11747,-100.8387,FISH ATTRACTOR
11,Birdwood,4288,41.11713,-100.8363,Trees,2017,41.11713,-100.8363,TREE
12,Birdwood,4289,41.1174,-100.8379,Trees,2017,41.1174,-100.8379,TREE
13,Birdwood,4290,41.11628,-100.836,Trees,2017,41.11628,-100.836,TREE
14,Conestoga,5115,40.769256,-96.85400804,CEDAR,2018,40.769256,-96.85400804,CEDAR
15,Conestoga,5115,40.76924703,-96.85400904,CEDAR,2018,40.76924703,-96.85400904,CEDAR
16,Conestoga,5115,40.76877002,-96.85357201,CEDAR,2018,40.76877002,-96.85357201,CEDAR
17,Conestoga,5115,40.76882601,-96.85395297,CEDAR,2018,40.76882601,-96.85395297,CEDAR
18,Conestoga,5115,40.76885903,-96.85400502,CEDAR,2018,40.76885903,-96.85400502,CEDAR
19,Conestoga,5115,40.76582998,-96.85496902,CEDAR,2018,40.76582998,-96.85496902,CEDAR
20,Conestoga,5115,40.76570299,-96.85479501,CEDAR,2018,40.76570299,-96.85479501,CEDAR
21,Conestoga,5115,40.76588304,-96.854649,CEDAR,2018,40.76588304,-96.854649,CEDAR
22,Conestoga,5115,40.76591103,-96.85460198,CEDAR,2018,40.76591103,-96.85460198,CEDAR
23,Conestoga,5115,40.76586301,-96.85431599,CEDAR,2018,40.76586301,-96.85431599,CEDAR
24,Conestoga,5115,40.76629903,-96.85457901,CEDAR,2018,40.76629903,-96.85457901,CEDAR
25,Conestoga,5115,40.76635301,-96.85455898,CEDAR,2018,40.76635301,-96.85455898,CEDAR
26,Conestoga,5115,40.76924703,-96.85398398,CEDAR,2018,40.76924703,-96.85398398,CEDAR
27,Conestoga,5115,40.76638402,-96.85451204,CEDAR,2018,40.76638402,-96.85451204,CEDAR
28,Conestoga,5115,40.76644697,-96.854391,CEDAR,2018,40.76644697,-96.854391,CEDAR
29,Conestoga,5115,40.76645804,-96.85432102,CEDAR,2018,40.76645804,-96.85432102,CEDAR
30,Conestoga,5115,40.76664596,-96.85403704,CEDAR,2018,40.76664596,-96.85403704,CEDAR
31,Conestoga,5115,40.766552,-96.85411298,CEDAR,2018,40.766552,-96.85411298,CEDAR
32,Conestoga,5115,40.76628604,-96.85389496,CEDAR,2018,40.76628604,-96.85389496,CEDAR
33,Conestoga,5115,40.76614204,-96.85388499,CEDAR,2018,40.76614204,-96.85388499,CEDAR
34,Conestoga,5115,40.766107,-96.85382598,CEDAR,2018,40.766107,-96.85382598,CEDAR
35,Conestoga,5115,40.76679901,-96.853843,CEDAR,2018,40.76679901,-96.853843,CEDAR
36,Conestoga,5115,40.76677303,-96.85386596,CEDAR,2018,40.76677303,-96.85386596,CEDAR
37,Conestoga,5115,40.76927402,-96.85345701,CEDAR,2018,40.76927402,-96.85345701,CEDAR
38,Conestoga,5115,40.76689901,-96.85369899,CEDAR,2018,40.76689901,-96.85369899,CEDAR
39,Conestoga,5115,40.76691996,-96.85369799,CEDAR,2018,40.76691996,-96.85369799,CEDAR
40,Conestoga,5115,40.76699498,-96.85356597,CEDAR,2018,40.76699498,-96.85356597,CEDAR
41,Conestoga,5115,40.76707603,-96.85350303,CEDAR,2018,40.76707603,-96.85350303,CEDAR
42,Conestoga,5115,40.76630004,-96.85283197,CEDAR,2018,40.76630004,-96.85283197,CEDAR
43,Conestoga,5115,40.76614397,-96.85253701,CEDAR,2018,40.76614397,-96.85253701,CEDAR
44,Conestoga,5115,40.76618697,-96.85248798,CEDAR,2018,40.76618697,-96.85248798,CEDAR
45,Conestoga,5115,40.76627598,-96.85248798,CEDAR,2018,40.76627598,-96.85248798,CEDAR
46,Conestoga,5115,40.76627196,-96.85254598,CEDAR,2018,40.76627196,-96.85254598,CEDAR
47,Conestoga,5115,40.76622401,-96.852564,CEDAR,2018,40.76622401,-96.852564,CEDAR
48,Conestoga,5115,40.76915802,-96.85322098,CEDAR,2018,40.76915802,-96.85322098,CEDAR
49,Conestoga,5115,40.76626601,-96.852636,CEDAR,2018,40.76626601,-96.852636,CEDAR
50,Conestoga,5115,40.76620599,-96.85265796,CEDAR,2018,40.76620599,-96.85265796,CEDAR
51,Conestoga,5115,40.76624799,-96.85269903,CEDAR,2018,40.76624799,-96.85269903,CEDAR
52,Conestoga,5115,40.76621002,-96.85273399,CEDAR,2018,40.76621002,-96.85273399,CEDAR
53,Conestoga,5115,40.76625704,-96.85280196,CEDAR,2018,40.76625704,-96.85280196,CEDAR
54,Conestoga,5115,40.76608303,-96.85333396,CEDAR,2018,40.76608303,-96.85333396,CEDAR
55,Conestoga,5115,40.766179,-96.85340596,CEDAR,2018,40.766179,-96.85340596,CEDAR
56,Conestoga,5115,40.76917402,-96.85320002,CEDAR,2018,40.76917402,-96.85320002,CEDAR
57,Conestoga,5115,40.76896498,-96.85304596,CEDAR,2018,40.76896498,-96.85304596,CEDAR
58,Conestoga,5115,40.76876197,-96.85288402,CEDAR,2018,40.76876197,-96.85288402,CEDAR
59,Conestoga,5115,40.76874504,-96.85283197,CEDAR,2018,40.76874504,-96.85283197,CEDAR
60,Conestoga,5115,40.76868997,-96.85333497,CEDAR,2018,40.76868997,-96.85333497,CEDAR
61,Conestoga,5115,40.76563703,-96.85505401,CRIB,2018,40.76563703,-96.85505401,CRIB
62,Conestoga,5115,40.77026702,-96.84815898,GRAVEL,2018,40.77026702,-96.84815898,GRAVEL
63,Conestoga,5115,40.77028697,-96.84731198,GRAVEL,2018,40.77028697,-96.84731198,GRAVEL
64,Conestoga,5115,40.76670899,-96.852448,GRAVEL,2018,40.76670899,-96.852448,GRAVEL
65,Conestoga,5115,40.76636801,-96.85252,GRAVEL,2018,40.76636801,-96.85252,GRAVEL
66,Conestoga,5115,40.77032897,-96.84665602,GRAVEL,2018,40.77032897,-96.84665602,GRAVEL
67,Conestoga,5115,40.76953897,-96.84793199,GRAVEL,2018,40.76953897,-96.84793199,GRAVEL
68,Conestoga,5115,40.76930604,-96.847199,GRAVEL,2018,40.76930604,-96.847199,GRAVEL
69,Conestoga,5115,40.769343,-96.84787902,GRAVEL,2018,40.769343,-96.84787902,GRAVEL
70,Conestoga,5115,40.76833097,-96.85391399,GRAVEL,2018,40.76833097,-96.85391399,GRAVEL
71,Conestoga,5115,40.76724904,-96.85320999,GRAVEL,2018,40.76724904,-96.85320999,GRAVEL
72,Conestoga,5115,40.76734501,-96.85226401,GRAVEL,2018,40.76734501,-96.85226401,GRAVEL
73,Conestoga,5115,40.76766,-96.85222504,GRAVEL,2018,40.76766,-96.85222504,GRAVEL
74,Conestoga,5115,40.76708098,-96.85259099,ISLAND,2018,40.76708098,-96.85259099,ISLAND
75,Conestoga,5115,40.76992798,-96.85399102,ISLAND,2018,40.76992798,-96.85399102,ISLAND
76,Conestoga,5115,40.76637103,-96.852751,ISLAND,2018,40.76637103,-96.852751,ISLAND
77,Conestoga,5115,40.76983896,-96.85421096,ISLAND,2018,40.76983896,-96.85421096,ISLAND
78,Conestoga,5115,40.76953604,-96.85482603,ISLAND,2018,40.76953604,-96.85482603,ISLAND
79,Conestoga,5115,40.76969001,-96.85451296,ISLAND,2018,40.76969001,-96.85451296,ISLAND
80,Conestoga,5115,40.76821304,-96.85366698,ISLAND,2018,40.76821304,-96.85366698,ISLAND
81,Conestoga,5115,40.76828898,-96.85381299,ISLAND,2018,40.76828898,-96.85381299,ISLAND
82,Conestoga,5115,40.76845,-96.85406302,ISLAND,2018,40.76845,-96.85406302,ISLAND
83,Conestoga,5115,40.76862099,-96.85426796,ISLAND,2018,40.76862099,-96.85426796,ISLAND
84,Conestoga,5115,40.76876801,-96.85443903,ISLAND,2018,40.76876801,-96.85443903,ISLAND
85,Conestoga,5115,40.76894503,-96.85463903,ISLAND,2018,40.76894503,-96.85463903,ISLAND
86,Conestoga,5115,40.76917604,-96.85484204,ISLAND,2018,40.76917604,-96.85484204,ISLAND
87,Conestoga,5115,40.76936496,-96.85497397,ISLAND,2018,40.76936496,-96.85497397,ISLAND
88,Conestoga,5115,40.76640104,-96.853039,ISLAND,2018,40.76640104,-96.853039,ISLAND
89,Conestoga,5115,40.76601103,-96.85292803,ISLAND,2018,40.76601103,-96.85292803,ISLAND
90,Conestoga,5115,40.76608898,-96.85333899,ISLAND,2018,40.76608898,-96.85333899,ISLAND
91,Conestoga,5115,40.76896498,-96.84954501,ISLAND,2018,40.76896498,-96.84954501,ISLAND
92,Conestoga,5115,40.76891997,-96.85029502,ISLAND,2018,40.76891997,-96.85029502,ISLAND
93,Conestoga,5115,40.76345002,-96.85064798,ISLAND,2018,40.76345002,-96.85064798,ISLAND
94,Conestoga,5115,40.767243,-96.852061,ISLAND,2018,40.767243,-96.852061,ISLAND
95,Conestoga,5115,40.76604498,-96.85336498,ISLAND,2018,40.76604498,-96.85336498,ISLAND
96,Conestoga,5115,40.76608697,-96.85363001,ISLAND,2018,40.76608697,-96.85363001,ISLAND
97,Conestoga,5115,40.76763896,-96.85232696,ISLAND,2018,40.76763896,-96.85232696,ISLAND
98,Conestoga,5115,40.76673003,-96.85271798,ISLAND,2018,40.76673003,-96.85271798,ISLAND
99,Conestoga,5115,40.76719103,-96.85327202,ISLAND,2018,40.76719103,-96.85327202,ISLAND
100,Conestoga,5115,40.765718,-96.855095,LOG CRIB,2018,40.765718,-96.855095,CRIB
101,Conestoga,5115,40.765603,-96.85514404,LOG CRIB,2018,40.765603,-96.85514404,CRIB
102,Conestoga,5115,40.766092,-96.85449402,LOG CRIB,2018,40.766092,-96.85449402,CRIB
103,Conestoga,5115,40.76566997,-96.85519198,LOG CRIB,2018,40.76566997,-96.85519198,CRIB
104,Conestoga,5115,40.76585999,-96.85482401,LOG CRIB,2018,40.76585999,-96.85482401,CRIB
105,Conestoga,5115,40.76582202,-96.85479904,LOG CRIB,2018,40.76582202,-96.85479904,CRIB
106,Conestoga,5115,40.76585303,-96.85475201,LOG CRIB,2018,40.76585303,-96.85475201,CRIB
107,Conestoga,5115,40.76587901,-96.85480298,LOG CRIB,2018,40.76587901,-96.85480298,CRIB
108,Conestoga,5115,40.76600902,-96.85442001,LOG CRIB,2018,40.76600902,-96.85442001,CRIB
109,Conestoga,5115,40.76604104,-96.85434197,LOG CRIB,2018,40.76604104,-96.85434197,CRIB
110,Conestoga,5115,40.766106,-96.85438799,LOG CRIB,2018,40.766106,-96.85438799,CRIB
111,Conestoga,5115,40.77032603,-96.84828596,ROCK PILE,2018,40.77032603,-96.84828596,ROCK PILE
112,Conestoga,5115,40.77026996,-96.84805898,ROCK PILE,2018,40.77026996,-96.84805898,ROCK PILE
113,Conestoga,5115,40.76952003,-96.84729396,ROCK PILE,2018,40.76952003,-96.84729396,ROCK PILE
114,Conestoga,5115,40.76944602,-96.84702298,ROCK PILE,2018,40.76944602,-96.84702298,ROCK PILE
115,Conestoga,5115,40.76931098,-96.84703496,ROCK PILE,2018,40.76931098,-96.84703496,ROCK PILE
116,Conestoga,5115,40.76924996,-96.847314,ROCK PILE,2018,40.76924996,-96.847314,ROCK PILE
117,Conestoga,5115,40.76928902,-96.84743897,ROCK PILE,2018,40.76928902,-96.84743897,ROCK PILE
118,Conestoga,5115,40.76932096,-96.84778699,ROCK PILE,2018,40.76932096,-96.84778699,ROCK PILE
119,Conestoga,5115,40.76927,-96.84791397,ROCK PILE,2018,40.76927,-96.84791397,ROCK PILE
120,Conestoga,5115,40.76884503,-96.84903103,ROCK PILE,2018,40.76884503,-96.84903103,ROCK PILE
121,Conestoga,5115,40.76879298,-96.84890899,ROCK PILE,2018,40.76879298,-96.84890899,ROCK PILE
122,Conestoga,5115,40.76894503,-96.84879097,ROCK PILE,2018,40.76894503,-96.84879097,ROCK PILE
123,Conestoga,5115,40.770321,-96.84793501,ROCK PILE,2018,40.770321,-96.84793501,ROCK PILE
124,Conestoga,5115,40.76888803,-96.85005999,ROCK PILE,2018,40.76888803,-96.85005999,ROCK PILE
125,Conestoga,5115,40.768811,-96.85019301,ROCK PILE,2018,40.768811,-96.85019301,ROCK PILE
126,Conestoga,5115,40.76891502,-96.85048797,ROCK PILE,2018,40.76891502,-96.85048797,ROCK PILE
127,Conestoga,5115,40.76896599,-96.85068998,ROCK PILE,2018,40.76896599,-96.85068998,ROCK PILE
128,Conestoga,5115,40.77036803,-96.84774298,ROCK PILE,2018,40.77036803,-96.84774298,ROCK PILE
129,Conestoga,5115,40.770321,-96.84741198,ROCK PILE,2018,40.770321,-96.84741198,ROCK PILE
130,Conestoga,5115,40.77025596,-96.84718299,ROCK PILE,2018,40.77025596,-96.84718299,ROCK PILE
131,Conestoga,5115,40.77027499,-96.84667999,ROCK PILE,2018,40.77027499,-96.84667999,ROCK PILE
132,Conestoga,5115,40.77019402,-96.84660003,ROCK PILE,2018,40.77019402,-96.84660003,ROCK PILE
133,Conestoga,5115,40.77018798,-96.84638503,ROCK PILE,2018,40.77018798,-96.84638503,ROCK PILE
134,Conestoga,5115,40.76953604,-96.84743403,ROCK PILE,2018,40.76953604,-96.84743403,ROCK PILE
135,Conestoga,5115,40.77038798,-96.84779897,ROOT WAD,2018,40.77038798,-96.84779897,ROOT WAD
136,Conestoga,5115,40.77038202,-96.84744903,ROOT WAD,2018,40.77038202,-96.84744903,ROOT WAD
137,Conestoga,5115,40.76934904,-96.85483298,ROOT WAD,2018,40.76934904,-96.85483298,ROOT WAD
138,Conestoga,5115,40.76937201,-96.85484103,ROOT WAD,2018,40.76937201,-96.85484103,ROOT WAD
139,Conestoga,5115,40.76940201,-96.85483801,ROOT WAD,2018,40.76940201,-96.85483801,ROOT WAD
140,Conestoga,5115,40.76938902,-96.85477397,ROOT WAD,2018,40.76938902,-96.85477397,ROOT WAD
141,Conestoga,5115,40.76893003,-96.85537697,ROOT WAD,2018,40.76893003,-96.85537697,ROOT WAD
142,Conestoga,5115,40.76233104,-96.85694698,ROOT WAD,2018,40.76233104,-96.85694698,ROOT WAD
143,Conestoga,5115,40.76234998,-96.85697598,ROOT WAD,2018,40.76234998,-96.85697598,ROOT WAD
144,Conestoga,5115,40.76242098,-96.85727497,ROOT WAD,2018,40.76242098,-96.85727497,ROOT WAD
145,Conestoga,5115,40.76237798,-96.85727002,ROOT WAD,2018,40.76237798,-96.85727002,ROOT WAD
146,Conestoga,5115,40.76264201,-96.85734001,ROOT WAD,2018,40.76264201,-96.85734001,ROOT WAD
147,Conestoga,5115,40.77034003,-96.84707796,ROOT WAD,2018,40.77034003,-96.84707796,ROOT WAD
148,Conestoga,5115,40.76267101,-96.85734001,ROOT WAD,2018,40.76267101,-96.85734001,ROOT WAD
149,Conestoga,5115,40.76267797,-96.85722501,ROOT WAD,2018,40.76267797,-96.85722501,ROOT WAD
150,Conestoga,5115,40.76267604,-96.85718603,ROOT WAD,2018,40.76267604,-96.85718603,ROOT WAD
151,Conestoga,5115,40.76274997,-96.85740698,ROOT WAD,2018,40.76274997,-96.85740698,ROOT WAD
152,Conestoga,5115,40.76291098,-96.85734998,ROOT WAD,2018,40.76291098,-96.85734998,ROOT WAD
153,Conestoga,5115,40.76292599,-96.85736298,ROOT WAD,2018,40.76292599,-96.85736298,ROOT WAD
154,Conestoga,5115,40.76297804,-96.85751704,ROOT WAD,2018,40.76297804,-96.85751704,ROOT WAD
155,Conestoga,5115,40.76303797,-96.85758904,ROOT WAD,2018,40.76303797,-96.85758904,ROOT WAD
156,Conestoga,5115,40.76305004,-96.85761502,ROOT WAD,2018,40.76305004,-96.85761502,ROOT WAD
157,Conestoga,5115,40.76307401,-96.85766498,ROOT WAD,2018,40.76307401,-96.85766498,ROOT WAD
158,Conestoga,5115,40.76927503,-96.84737996,ROOT WAD,2018,40.76927503,-96.84737996,ROOT WAD
159,Conestoga,5115,40.76309497,-96.85770303,ROOT WAD,2018,40.76309497,-96.85770303,ROOT WAD
160,Conestoga,5115,40.763159,-96.85767897,ROOT WAD,2018,40.763159,-96.85767897,ROOT WAD
161,Conestoga,5115,40.763172,-96.85767696,ROOT WAD,2018,40.763172,-96.85767696,ROOT WAD
162,Conestoga,5115,40.76338003,-96.85777101,ROOT WAD,2018,40.76338003,-96.85777101,ROOT WAD
163,Conestoga,5115,40.76334299,-96.85779104,ROOT WAD,2018,40.76334299,-96.85779104,ROOT WAD
164,Conestoga,5115,40.763835,-96.85767897,ROOT WAD,2018,40.763835,-96.85767897,ROOT WAD
165,Conestoga,5115,40.76385202,-96.85764402,ROOT WAD,2018,40.76385202,-96.85764402,ROOT WAD
166,Conestoga,5115,40.76477403,-96.85664901,ROOT WAD,2018,40.76477403,-96.85664901,ROOT WAD
167,Conestoga,5115,40.76475902,-96.85668597,ROOT WAD,2018,40.76475902,-96.85668597,ROOT WAD
168,Conestoga,5115,40.76510704,-96.85606303,ROOT WAD,2018,40.76510704,-96.85606303,ROOT WAD
169,Conestoga,5115,40.76943898,-96.85426201,ROOT WAD,2018,40.76943898,-96.85426201,ROOT WAD
170,Conestoga,5115,40.76511903,-96.85604299,ROOT WAD,2018,40.76511903,-96.85604299,ROOT WAD
171,Conestoga,5115,40.76488199,-96.85601098,ROOT WAD,2018,40.76488199,-96.85601098,ROOT WAD
172,Conestoga,5115,40.76485198,-96.85600402,ROOT WAD,2018,40.76485198,-96.85600402,ROOT WAD
173,Conestoga,5115,40.76463497,-96.85635396,ROOT WAD,2018,40.76463497,-96.85635396,ROOT WAD
174,Conestoga,5115,40.76463598,-96.85638104,ROOT WAD,2018,40.76463598,-96.85638104,ROOT WAD
175,Conestoga,5115,40.76578304,-96.85527798,ROOT WAD,2018,40.76578304,-96.85527798,ROOT WAD
176,Conestoga,5115,40.765747,-96.85526004,ROOT WAD,2018,40.765747,-96.85526004,ROOT WAD
177,Conestoga,5115,40.76561498,-96.85536196,ROOT WAD,2018,40.76561498,-96.85536196,ROOT WAD
178,Conestoga,5115,40.76558397,-96.85531301,ROOT WAD,2018,40.76558397,-96.85531301,ROOT WAD
179,Conestoga,5115,40.76538901,-96.855728,ROOT WAD,2018,40.76538901,-96.855728,ROOT WAD
180,Conestoga,5115,40.76936899,-96.85468999,ROOT WAD,2018,40.76936899,-96.85468999,ROOT WAD
181,Conestoga,5115,40.76536998,-96.85577796,ROOT WAD,2018,40.76536998,-96.85577796,ROOT WAD
182,Conestoga,5115,40.76886398,-96.849573,ROOT WAD,2018,40.76886398,-96.849573,ROOT WAD
183,Conestoga,5115,40.768882,-96.849242,ROOT WAD,2018,40.768882,-96.849242,ROOT WAD
184,Conestoga,5115,40.76878997,-96.84891402,ROOT WAD,2018,40.76878997,-96.84891402,ROOT WAD
185,Conestoga,5115,40.76900203,-96.84871897,ROOT WAD,2018,40.76900203,-96.84871897,ROOT WAD
186,Conestoga,5115,40.76894503,-96.84994801,ROOT WAD,2018,40.76894503,-96.84994801,ROOT WAD
187,Conestoga,5115,40.76889097,-96.850062,ROOT WAD,2018,40.76889097,-96.850062,ROOT WAD
188,Conestoga,5115,40.76881302,-96.85019201,ROOT WAD,2018,40.76881302,-96.85019201,ROOT WAD
189,Conestoga,5115,40.76892701,-96.85048596,ROOT WAD,2018,40.76892701,-96.85048596,ROOT WAD
190,Conestoga,5115,40.76896498,-96.85068503,ROOT WAD,2018,40.76896498,-96.85068503,ROOT WAD
191,Conestoga,5115,40.76935197,-96.854692,ROOT WAD,2018,40.76935197,-96.854692,ROOT WAD
192,Conestoga,5115,40.76931803,-96.85479702,ROOT WAD,2018,40.76931803,-96.85479702,ROOT WAD
193,Conestoga,5115,40.76930797,-96.85484103,ROOT WAD,2018,40.76930797,-96.85484103,ROOT WAD
194,Conestoga,5115,40.76933001,-96.85484002,ROOT WAD,2018,40.76933001,-96.85484002,ROOT WAD
195,Conestoga,5115,40.76276002,-96.85737597,ROOT WAD,2018,40.76276002,-96.85737597,ROOT WAD
196,Conestoga,5115,40.76562798,-96.85532601,ROOT WAD,2018,40.76562798,-96.85532601,ROOT WAD
197,Conestoga,5115,40.77028496,-96.84759596,TREE,2018,40.77028496,-96.84759596,TREE
198,Conestoga,5115,40.76412703,-96.85716298,TREE,2018,40.76412703,-96.85716298,TREE
199,Conestoga,5115,40.76419903,-96.85717103,TREE,2018,40.76419903,-96.85717103,TREE
200,Conestoga,5115,40.76420196,-96.85713599,TREE,2018,40.76420196,-96.85713599,TREE
201,Conestoga,5115,40.77028002,-96.84688903,TREE,2018,40.77028002,-96.84688903,TREE
202,Conestoga,5115,40.76967199,-96.85487296,TREE,2018,40.76967199,-96.85487296,TREE
203,Conestoga,5115,40.76546998,-96.85537001,TREE,2018,40.76546998,-96.85537001,TREE
204,Conestoga,5115,40.76525096,-96.85558802,TREE,2018,40.76525096,-96.85558802,TREE
205,Conestoga,5115,40.76522598,-96.85555198,TREE,2018,40.76522598,-96.85555198,TREE
206,Conestoga,5115,40.76517502,-96.85561602,TREE,2018,40.76517502,-96.85561602,TREE
207,Conestoga,5115,40.76671704,-96.85390896,TREE,2018,40.76671704,-96.85390896,TREE
208,Conestoga,5115,40.76612201,-96.85356899,TREE,2018,40.76612201,-96.85356899,TREE
209,Conestoga,5115,40.76605797,-96.85335601,TREE,2018,40.76605797,-96.85335601,TREE
210,Conestoga,5115,40.766035,-96.85336003,TREE,2018,40.766035,-96.85336003,TREE
211,Conestoga,5115,40.76683103,-96.85376898,TREE,2018,40.76683103,-96.85376898,TREE
212,Conestoga,5115,40.76693798,-96.85363202,TREE,2018,40.76693798,-96.85363202,TREE
213,Conestoga,5115,40.76960402,-96.85465797,TREE,2018,40.76960402,-96.85465797,TREE
214,Conestoga,5115,40.76715399,-96.85352599,TREE,2018,40.76715399,-96.85352599,TREE
215,Conestoga,5115,40.76705097,-96.85249401,TREE,2018,40.76705097,-96.85249401,TREE
216,Conestoga,5115,40.76707796,-96.852477,TREE,2018,40.76707796,-96.852477,TREE
217,Conestoga,5115,40.76707,-96.85238396,TREE,2018,40.76707,-96.85238396,TREE
218,Conestoga,5115,40.76703999,-96.85238102,TREE,2018,40.76703999,-96.85238102,TREE
219,Conestoga,5115,40.76721601,-96.85199504,TREE,2018,40.76721601,-96.85199504,TREE
220,Conestoga,5115,40.76719497,-96.85200602,TREE,2018,40.76719497,-96.85200602,TREE
221,Conestoga,5115,40.76725599,-96.85211004,TREE,2018,40.76725599,-96.85211004,TREE
222,Conestoga,5115,40.767329,-96.85211599,TREE,2018,40.767329,-96.85211599,TREE
223,Conestoga,5115,40.76734803,-96.85222504,TREE,2018,40.76734803,-96.85222504,TREE
224,Conestoga,5115,40.76976897,-96.85435697,TREE,2018,40.76976897,-96.85435697,TREE
225,Conestoga,5115,40.76732397,-96.852262,TREE,2018,40.76732397,-96.852262,TREE
226,Conestoga,5115,40.76766302,-96.85229897,TREE,2018,40.76766302,-96.85229897,TREE
227,Conestoga,5115,40.76762396,-96.85230601,TREE,2018,40.76762396,-96.85230601,TREE
228,Conestoga,5115,40.76765103,-96.85216301,TREE,2018,40.76765103,-96.85216301,TREE
229,Conestoga,5115,40.76767199,-96.85216997,TREE,2018,40.76767199,-96.85216997,TREE
230,Conestoga,5115,40.76672701,-96.85263902,TREE,2018,40.76672701,-96.85263902,TREE
231,Conestoga,5115,40.76670698,-96.85261203,TREE,2018,40.76670698,-96.85261203,TREE
232,Conestoga,5115,40.76671796,-96.85247499,TREE,2018,40.76671796,-96.85247499,TREE
233,Conestoga,5115,40.766696,-96.85240801,TREE,2018,40.766696,-96.85240801,TREE
234,Conestoga,5115,40.76639199,-96.85258797,TREE,2018,40.76639199,-96.85258797,TREE
235,Conestoga,5115,40.76988598,-96.85408498,TREE,2018,40.76988598,-96.85408498,TREE
236,Conestoga,5115,40.76635502,-96.85258999,TREE,2018,40.76635502,-96.85258999,TREE
237,Conestoga,5115,40.76638796,-96.85243903,TREE,2018,40.76638796,-96.85243903,TREE
238,Conestoga,5115,40.76634899,-96.85242796,TREE,2018,40.76634899,-96.85242796,TREE
239,Conestoga,5115,40.76636299,-96.85306398,TREE,2018,40.76636299,-96.85306398,TREE
240,Conestoga,5115,40.76640104,-96.85304697,TREE,2018,40.76640104,-96.85304697,TREE
241,Conestoga,5115,40.76603198,-96.85279501,TREE,2018,40.76603198,-96.85279501,TREE
242,Conestoga,5115,40.76604799,-96.85257599,TREE,2018,40.76604799,-96.85257599,TREE
243,Conestoga,5115,40.76600701,-96.85255101,TREE,2018,40.76600701,-96.85255101,TREE
244,Conestoga,5115,40.76606702,-96.85334503,TREE,2018,40.76606702,-96.85334503,TREE
245,Conestoga,5115,40.76604598,-96.85338501,TREE,2018,40.76604598,-96.85338501,TREE
246,Conestoga,5115,40.76963503,-96.854117,TREE,2018,40.76963503,-96.854117,TREE
247,Conestoga,5115,40.76973301,-96.85406604,TREE,2018,40.76973301,-96.85406604,TREE
248,Conestoga,5115,40.76949597,-96.85425304,TREE,2018,40.76949597,-96.85425304,TREE
249,Conestoga,5115,40.76947804,-96.854391,TREE,2018,40.76947804,-96.854391,TREE
250,Conestoga,5115,40.76939003,-96.85426402,TREE,2018,40.76939003,-96.85426402,TREE
251,Conestoga,5115,40.76942297,-96.85425597,TREE,2018,40.76942297,-96.85425597,TREE
252,Conestoga,5115,40.77021204,-96.84679801,TREE,2018,40.77021204,-96.84679801,TREE
253,Conestoga,5115,40.76921702,-96.854246,TREE,2018,40.76921702,-96.854246,TREE
254,Conestoga,5115,40.76929498,-96.85442797,TREE,2018,40.76929498,-96.85442797,TREE
255,Conestoga,5115,40.76934099,-96.85446803,TREE,2018,40.76934099,-96.85446803,TREE
256,Conestoga,5115,40.76936798,-96.85445596,TREE,2018,40.76936798,-96.85445596,TREE
257,Conestoga,5115,40.76842703,-96.85425899,TREE,2018,40.76842703,-96.85425899,TREE
258,Conestoga,5115,40.76856701,-96.854362,TREE,2018,40.76856701,-96.854362,TREE
259,Conestoga,5115,40.76893497,-96.854779,TREE,2018,40.76893497,-96.854779,TREE
260,Conestoga,5115,40.76895903,-96.85479602,TREE,2018,40.76895903,-96.85479602,TREE
261,Conestoga,5115,40.76899004,-96.85481597,TREE,2018,40.76899004,-96.85481597,TREE
262,Conestoga,5115,40.76955398,-96.855512,TREE,2018,40.76955398,-96.855512,TREE
263,Conestoga,5115,40.770148,-96.84680404,TREE,2018,40.770148,-96.84680404,TREE
264,Conestoga,5115,40.76906598,-96.855468,TREE,2018,40.76906598,-96.855468,TREE
265,Conestoga,5115,40.76892701,-96.85532902,TREE,2018,40.76892701,-96.85532902,TREE
266,Conestoga,5115,40.76320703,-96.85392497,TREE,2018,40.76320703,-96.85392497,TREE
267,Conestoga,5115,40.76253698,-96.85534604,TREE,2018,40.76253698,-96.85534604,TREE
268,Conestoga,5115,40.76251603,-96.855425,TREE,2018,40.76251603,-96.855425,TREE
269,Conestoga,5115,40.76240203,-96.85554503,TREE,2018,40.76240203,-96.85554503,TREE
270,Conestoga,5115,40.762396,-96.85563304,TREE,2018,40.762396,-96.85563304,TREE
271,Conestoga,5115,40.76244,-96.85562298,TREE,2018,40.76244,-96.85562298,TREE
272,Conestoga,5115,40.76227304,-96.855828,TREE,2018,40.76227304,-96.855828,TREE
273,Conestoga,5115,40.76231604,-96.85584904,TREE,2018,40.76231604,-96.85584904,TREE
274,Conestoga,5115,40.77021296,-96.84668996,TREE,2018,40.77021296,-96.84668996,TREE
275,Conestoga,5115,40.76235199,-96.85586102,TREE,2018,40.76235199,-96.85586102,TREE
276,Conestoga,5115,40.76231,-96.85596102,TREE,2018,40.76231,-96.85596102,TREE
277,Conestoga,5115,40.76227203,-96.85601198,TREE,2018,40.76227203,-96.85601198,TREE
278,Conestoga,5115,40.76228997,-96.85609999,TREE,2018,40.76228997,-96.85609999,TREE
279,Conestoga,5115,40.76230698,-96.85631499,TREE,2018,40.76230698,-96.85631499,TREE
280,Conestoga,5115,40.762339,-96.85630702,TREE,2018,40.762339,-96.85630702,TREE
281,Conestoga,5115,40.76234001,-96.856476,TREE,2018,40.76234001,-96.856476,TREE
282,Conestoga,5115,40.76235199,-96.85655597,TREE,2018,40.76235199,-96.85655597,TREE
283,Conestoga,5115,40.76232098,-96.85658103,TREE,2018,40.76232098,-96.85658103,TREE
284,Conestoga,5115,40.76238401,-96.85685,TREE,2018,40.76238401,-96.85685,TREE
285,Conestoga,5115,40.76927704,-96.84795002,TREE,2018,40.76927704,-96.84795002,TREE
286,Conestoga,5115,40.76240103,-96.85674699,TREE,2018,40.76240103,-96.85674699,TREE
287,Conestoga,5115,40.76244403,-96.857036,TREE,2018,40.76244403,-96.857036,TREE
288,Conestoga,5115,40.76247001,-96.85706701,TREE,2018,40.76247001,-96.85706701,TREE
289,Conestoga,5115,40.76248803,-96.85703298,TREE,2018,40.76248803,-96.85703298,TREE
290,Conestoga,5115,40.76245199,-96.85728301,TREE,2018,40.76245199,-96.85728301,TREE
291,Conestoga,5115,40.762468,-96.85730497,TREE,2018,40.762468,-96.85730497,TREE
292,Conestoga,5115,40.76254201,-96.85736096,TREE,2018,40.76254201,-96.85736096,TREE
293,Conestoga,5115,40.76257101,-96.85737999,TREE,2018,40.76257101,-96.85737999,TREE
294,Conestoga,5115,40.76258199,-96.85740598,TREE,2018,40.76258199,-96.85740598,TREE
295,Conestoga,5115,40.76282297,-96.85734998,TREE,2018,40.76282297,-96.85734998,TREE
296,Conestoga,5115,40.77002797,-96.85406797,TREE,2018,40.77002797,-96.85406797,TREE
297,Conestoga,5115,40.76284602,-96.85734102,TREE,2018,40.76284602,-96.85734102,TREE
298,Conestoga,5115,40.76286899,-96.85735803,TREE,2018,40.76286899,-96.85735803,TREE
299,Conestoga,5115,40.76328498,-96.85763002,TREE,2018,40.76328498,-96.85763002,TREE
300,Conestoga,5115,40.763316,-96.85762801,TREE,2018,40.763316,-96.85762801,TREE
301,Conestoga,5115,40.76336402,-96.85761804,TREE,2018,40.76336402,-96.85761804,TREE
302,Conestoga,5115,40.76343896,-96.85767897,TREE,2018,40.76343896,-96.85767897,TREE
303,Conestoga,5115,40.76344097,-96.85772197,TREE,2018,40.76344097,-96.85772197,TREE
304,Conestoga,5115,40.76342496,-96.85784804,TREE,2018,40.76342496,-96.85784804,TREE
305,Conestoga,5115,40.76369201,-96.85779297,TREE,2018,40.76369201,-96.85779297,TREE
306,Conestoga,5115,40.76372604,-96.85776799,TREE,2018,40.76372604,-96.85776799,TREE
307,Conestoga,5115,40.76990501,-96.85425698,TREE,2018,40.76990501,-96.85425698,TREE
308,Conestoga,5115,40.76375504,-96.85776799,TREE,2018,40.76375504,-96.85776799,TREE
309,Conestoga,5115,40.76388496,-96.85762097,TREE,2018,40.76388496,-96.85762097,TREE
310,Conestoga,5115,40.76389602,-96.85763304,TREE,2018,40.76389602,-96.85763304,TREE
311,Conestoga,5115,40.76389301,-96.85762298,TREE,2018,40.76389301,-96.85762298,TREE
312,Conestoga,5115,40.76408202,-96.85755199,TREE,2018,40.76408202,-96.85755199,TREE
313,Conestoga,5115,40.76407397,-96.85755299,TREE,2018,40.76407397,-96.85755299,TREE
314,Conestoga,5115,40.76406802,-96.85754,TREE,2018,40.76406802,-96.85754,TREE
315,Conestoga,5115,40.76425896,-96.85739198,TREE,2018,40.76425896,-96.85739198,TREE
316,Conestoga,5115,40.76432501,-96.85711596,TREE,2018,40.76432501,-96.85711596,TREE
317,Conestoga,5115,40.76432803,-96.85711998,TREE,2018,40.76432803,-96.85711998,TREE
318,Conestoga,5115,40.76984399,-96.85446996,TREE,2018,40.76984399,-96.85446996,TREE
319,Conestoga,5115,40.76435099,-96.85699803,TREE,2018,40.76435099,-96.85699803,TREE
320,Conestoga,5115,40.76434697,-96.85695503,TREE,2018,40.76434697,-96.85695503,TREE
321,Conestoga,5115,40.76473304,-96.856994,TREE,2018,40.76473304,-96.856994,TREE
322,Conestoga,5115,40.76477302,-96.857036,TREE,2018,40.76477302,-96.857036,TREE
323,Conestoga,5115,40.76482398,-96.85698898,TREE,2018,40.76482398,-96.85698898,TREE
324,Conestoga,5115,40.76494401,-96.85674498,TREE,2018,40.76494401,-96.85674498,TREE
325,Conestoga,5115,40.76498902,-96.85675202,TREE,2018,40.76498902,-96.85675202,TREE
326,Conestoga,5115,40.76495801,-96.85668698,TREE,2018,40.76495801,-96.85668698,TREE
327,Conestoga,5115,40.76479699,-96.856519,TREE,2018,40.76479699,-96.856519,TREE
328,Conestoga,5115,40.76477998,-96.85641498,TREE,2018,40.76477998,-96.85641498,TREE
329,Conestoga,5115,40.76982102,-96.854534,TREE,2018,40.76982102,-96.854534,TREE
330,Conestoga,5115,40.76482197,-96.85640702,TREE,2018,40.76482197,-96.85640702,TREE
331,Conestoga,5115,40.76490202,-96.85622899,TREE,2018,40.76490202,-96.85622899,TREE
332,Conestoga,5115,40.76487302,-96.85617702,TREE,2018,40.76487302,-96.85617702,TREE
333,Conestoga,5115,40.76493404,-96.85608398,TREE,2018,40.76493404,-96.85608398,TREE
334,Conestoga,5115,40.76506999,-96.85595297,TREE,2018,40.76506999,-96.85595297,TREE
335,Conestoga,5115,40.76507896,-96.85590997,TREE,2018,40.76507896,-96.85590997,TREE
336,Conestoga,5115,40.76501199,-96.85595599,TREE,2018,40.76501199,-96.85595599,TREE
337,Conestoga,5115,40.76753201,-96.853556,TREE,2018,40.76753201,-96.853556,TREE
338,Conestoga,5115,40.76552798,-96.85532902,TREE,2018,40.76552798,-96.85532902,TREE
339,Conestoga,5115,40.76552203,-96.85542701,TREE,2018,40.76552203,-96.85542701,TREE
340,Conestoga,5115,40.76600097,-96.85278696,TREE,2018,40.76600097,-96.85278696,TREE
341,Conestoga,5115,40.76319303,-96.85402899,UPRIGHT TREE,2018,40.76319303,-96.85402899,TREE
342,Conestoga,5115,40.76320603,-96.85397803,UPRIGHT TREE,2018,40.76320603,-96.85397803,TREE
343,Conestoga,5115,40.76314601,-96.85630199,UPRIGHT TREE,2018,40.76314601,-96.85630199,TREE
344,Conestoga,5115,40.76314299,-96.85622396,UPRIGHT TREE,2018,40.76314299,-96.85622396,TREE
345,Conestoga,5115,40.76309698,-96.85621901,UPRIGHT TREE,2018,40.76309698,-96.85621901,TREE
346,Conestoga,5115,40.76306102,-96.85620502,UPRIGHT TREE,2018,40.76306102,-96.85620502,TREE
347,Conestoga,5115,40.76302296,-96.85653702,UPRIGHT TREE,2018,40.76302296,-96.85653702,TREE
348,Conestoga,5115,40.76304702,-96.85592799,UPRIGHT TREE,2018,40.76304702,-96.85592799,TREE
349,Conestoga,5115,40.763115,-96.85597602,UPRIGHT TREE,2018,40.763115,-96.85597602,TREE
350,Conestoga,5115,40.76310997,-96.85591601,UPRIGHT TREE,2018,40.76310997,-96.85591601,TREE
351,Conestoga,5115,40.76310502,-96.85589799,UPRIGHT TREE,2018,40.76310502,-96.85589799,TREE
352,Conestoga,5115,40.76303696,-96.85588198,UPRIGHT TREE,2018,40.76303696,-96.85588198,TREE
353,Conestoga,5115,40.76323201,-96.85380603,UPRIGHT TREE,2018,40.76323201,-96.85380603,TREE
354,Conestoga,5115,40.76306202,-96.85553304,UPRIGHT TREE,2018,40.76306202,-96.85553304,TREE
355,Conestoga,5115,40.76302296,-96.854175,UPRIGHT TREE,2018,40.76302296,-96.854175,TREE
356,Conestoga,5115,40.76308197,-96.85743003,UPRIGHT TREE,2018,40.76308197,-96.85743003,TREE
357,Conestoga,5115,40.76334399,-96.85383403,UPRIGHT TREE,2018,40.76334399,-96.85383403,TREE
358,Conestoga,5115,40.76339504,-96.85384903,UPRIGHT TREE,2018,40.76339504,-96.85384903,TREE
359,Conestoga,5115,40.76341901,-96.85384803,UPRIGHT TREE,2018,40.76341901,-96.85384803,TREE
360,Conestoga,5115,40.76318398,-96.85432403,UPRIGHT TREE,2018,40.76318398,-96.85432403,TREE
361,Conestoga,5115,40.76325104,-96.854491,UPRIGHT TREE,2018,40.76325104,-96.854491,TREE
362,Conestoga,5115,40.76331499,-96.85552801,UPRIGHT TREE,2018,40.76331499,-96.85552801,TREE
363,Conestoga,5115,40.76350601,-96.85543698,UPRIGHT TREE,2018,40.76350601,-96.85543698,TREE
369,East Gothenburg,6245,40.888556,-100.105722,Trees,2/11/2020,40.888556,-100.105722,TREE
370,East Gothenburg,6245,40.888667,-100.105639,Trees,2/11/2020,40.888667,-100.105639,TREE
371,East Gothenburg,6245,40.88875,-100.10555600000001,Trees,2/11/2020,40.88875,-100.10555600000001,TREE
372,East Gothenburg,6245,40.88875,-100.105417,Trees,2/11/2020,40.88875,-100.105417,TREE
373,East Gothenburg,6245,40.888583,-100.105444,Trees,2/11/2020,40.888583,-100.105444,TREE
374,East Gothenburg,6245,40.8885,-100.105472,Trees,2/11/2020,40.8885,-100.105472,TREE
375,Enders,4900,40.427211,-101.531253,Brush Pile,2011,40.427211,-101.531253,BRUSH PILE
376,Enders,4900,40.42112,-101.524913,Brush Pile,2011,40.42112,-101.524913,BRUSH PILE
377,Enders,4900,40.421309,-101.52548,Brush Pile,2011,40.421309,-101.52548,BRUSH PILE
378,Enders,4900,40.431266,-101.525343,Brush Pile,2011,40.431266,-101.525343,BRUSH PILE
379,Enders,4900,40.430727,-101.526562,Brush Pile,2011,40.430727,-101.526562,BRUSH PILE
386,Hershey,4295,41.13456,-100.9865,Trees,2016,41.13456,-100.9865,TREE
387,Hershey,4295,41.13458,-100.9866,Trees,2016,41.13458,-100.9866,TREE
388,Hershey,4295,41.13453,-100.9866,Trees,2016,41.13453,-100.9866,TREE
389,Hershey,4295,41.13456,-100.9867,Trees,2016,41.13456,-100.9867,TREE
390,Hershey,4295,41.13467,-100.989,Trees,2016,41.13467,-100.989,TREE
391,Hershey,4295,41.13458,-100.9893,Trees,2016,41.13458,-100.9893,TREE
392,Hershey,4295,41.13464,-100.9894,Trees,2016,41.13464,-100.9894,TREE
393,Hershey,4295,41.13458,-100.9895,Trees,2016,41.13458,-100.9895,TREE
394,Hershey,4295,41.135,-100.9898,Trees,2016,41.135,-100.9898,TREE
395,Hershey,4295,41.13469,-100.9901,Trees,2016,41.13469,-100.9901,TREE
396,Hershey,4295,41.13492,-100.9904,Trees,2016,41.13492,-100.9904,TREE
397,Hershey,4295,41.13461,-100.9908,Trees,2016,41.13461,-100.9908,TREE
398,Hershey,4295,41.11586,-100.8307,Trees,2016,41.11586,-100.8307,TREE
399,Hershey,4295,41.13456,-100.9865,Trees,2016,41.13456,-100.9865,TREE
400,Hershey,4295,41.13458,-100.9865,Trees,2016,41.13458,-100.9865,TREE
401,Hershey,4295,41.1346,-100.991,Trees,2016,41.1346,-100.991,TREE
402,Hershey,4295,41.13583,-100.9894,Mossbacks,2019,41.13583,-100.9894,FISH ATTRACTOR
403,Hershey,4295,41.13472,-100.9893,Mossbacks,2019,41.13472,-100.9893,FISH ATTRACTOR
404,Jeffrey Lake,4555,40.95157,-100.40128,Cedar Tree,2017,40.95157,-100.40128,CEDAR
405,Jeffrey Lake,4555,40.95315,-100.39827,Cedar Tree,2017,40.95315,-100.39827,CEDAR
406,Jeffrey Lake,4555,40.95348,-100.39865,Cedar Tree,2017,40.95348,-100.39865,CEDAR
407,Jeffrey Lake,4555,40.95332,-100.39853,Cedar Tree,2017,40.95332,-100.39853,CEDAR
408,Jeffrey Lake,4555,40.9545,-100.3992,Cedar Tree,2017,40.9545,-100.3992,CEDAR
409,Jeffrey Lake,4555,40.95439,-100.3989,Cedar Tree,2017,40.95439,-100.3989,CEDAR
410,Johnson,6535,40.69659,-99.87178,Rock Shoal,Unknown,40.69659,-99.87178,SHOAL
411,Johnson,6535,40.69654,-99.87209,Rock Shoal,Unknown,40.69654,-99.87209,SHOAL
412,Johnson,6535,40.69651,-99.87232,Rock Shoal,Unknown,40.69651,-99.87232,SHOAL
413,Johnson,6535,40.69648,-99.87252,Rock Shoal,Unknown,40.69648,-99.87252,SHOAL
414,Johnson,6535,40.69645,-99.87267,Rock Shoal,Unknown,40.69645,-99.87267,SHOAL
415,Johnson,6535,40.69694,-99.87184,Rock Shoal,Unknown,40.69694,-99.87184,SHOAL
416,Johnson,6535,40.6969,-99.87244,Rock Shoal,Unknown,40.6969,-99.87244,SHOAL
417,Johnson,6535,40.69687,-99.87262,Rock Shoal,Unknown,40.69687,-99.87262,SHOAL
418,Johnson,6535,40.69679,-99.87302,Rock Shoal,Unknown,40.69679,-99.87302,SHOAL
419,Johnson,6535,40.69674,-99.87327,Rock Shoal,Unknown,40.69674,-99.87327,SHOAL
420,Lake Helen,6705,40.93906,-100.1626,Mossbacks & Trees,Unknown,40.93906,-100.1626,FISH ATTRACTOR
421,Lake Helen,6705,40.94075,-100.1626,Trees,Unknown,40.94075,-100.1626,TREE
422,Lake Helen,6705,40.94156,-100.1625,Trees,Unknown,40.94156,-100.1625,TREE
423,Lake Helen,6705,40.94153,-100.1626,Trees,Unknown,40.94153,-100.1626,TREE
424,Lake Helen,6705,40.94078,-100.1641,Trees,Unknown,40.94078,-100.1641,TREE
425,Lake Helen,6705,40.94058,-100.1642,Trees,Unknown,40.94058,-100.1642,TREE
426,Lake Helen,6705,40.94064,-100.1641,Mossbacks,Unknown,40.94064,-100.1641,FISH ATTRACTOR
427,Lake Helen,6705,40.93975,-100.1641,Trees,Unknown,40.93975,-100.1641,TREE
428,Lake Helen,6705,40.93975,-100.1643,Trees,Unknown,40.93975,-100.1643,TREE
429,Lake Helen,6705,40.93969,-100.1648,Trees,Unknown,40.93969,-100.1648,TREE
430,Lake Helen,6705,40.94019,-100.1626,Mossbacks,Unknown,40.94019,-100.1626,FISH ATTRACTOR
431,Lake Helen,6705,40.93983,-100.1653,Mossbacks,Unknown,40.93983,-100.1653,FISH ATTRACTOR
432,Lake Helen,6705,40.94089,-100.1638,Gravel Shoals,Unknown,40.94089,-100.1638,SHOAL
433,Lake Helen,6705,40.94081,-100.1637,Gravel Shoals,Unknown,40.94081,-100.1637,SHOAL
434,Lake Helen,6705,40.94094,-100.1637,Gravel Shoals,Unknown,40.94094,-100.1637,SHOAL
435,Lake Helen,6705,40.94131,-100.1638,Gravel Shoals,Unknown,40.94131,-100.1638,SHOAL
436,Lake Helen,6705,40.94122,-100.164,Gravel Shoals,Unknown,40.94122,-100.164,SHOAL
437,Lake Helen,6705,40.94069,-100.1641,Gravel Shoals,Unknown,40.94069,-100.1641,SHOAL
438,Lake Helen,6705,40.94014,-100.1648,Gravel Shoals,Unknown,40.94014,-100.1648,SHOAL
439,Lake Helen,6705,40.94022,-100.1646,Gravel Shoals,Unknown,40.94022,-100.1646,SHOAL
440,Lake Helen,6705,40.94,-100.1634,Gravel Shoals,Unknown,40.94,-100.1634,SHOAL
441,Lake Helen,6705,40.93981,-100.1632,Gravel Shoals,Unknown,40.93981,-100.1632,SHOAL
442,Lake Helen,6705,40.93997,-100.1631,Gravel Shoals,Unknown,40.93997,-100.1631,SHOAL
443,Lake Helen,6705,40.93997,-100.1618,Gravel Shoals,Unknown,40.93997,-100.1618,SHOAL
444,Lake Helen,6705,40.94022,-100.1618,Gravel Shoals,Unknown,40.94022,-100.1618,SHOAL
445,Lake Helen,6705,40.94044,-100.1619,Gravel Shoals,Unknown,40.94044,-100.1619,SHOAL
446,Lake Helen,6705,40.94106,-100.1641,Stump,Unknown,40.94106,-100.1641,TREE
447,Lake Helen,6705,40.93989,-100.1656,Stump,Unknown,40.93989,-100.1656,TREE
448,Lake Helen,6705,40.94139,-100.1633,Rip Rap Piles,Unknown,40.94139,-100.1633,ROCK PILE
449,Lake Helen,6705,40.94122,-100.1641,Rip Rap Piles,Unknown,40.94122,-100.1641,ROCK PILE
450,Lake Helen,6705,40.94003,-100.1654,Rip Rap Piles,Unknown,40.94003,-100.1654,ROCK PILE
451,Lake Helen,6705,40.94086,-100.1643,Rip Rap Piles,Unknown,40.94086,-100.1643,ROCK PILE
452,Lake Helen,6705,40.94058,-100.1643,Rip Rap Piles,Unknown,40.94058,-100.1643,ROCK PILE
453,Lake Helen,6705,40.94053,-100.1641,Rip Rap Piles,Unknown,40.94053,-100.1641,ROCK PILE
454,Lake Helen,6705,40.94047,-100.1639,Rip Rap Piles,Unknown,40.94047,-100.1639,ROCK PILE
455,Lake Helen,6705,40.94042,-100.1638,Rip Rap Piles,Unknown,40.94042,-100.1638,ROCK PILE
456,Lake Helen,6705,40.94033,-100.1637,Rip Rap Piles,Unknown,40.94033,-100.1637,ROCK PILE
458,Lake Helen,6705,40.94017,-100.1638,Rip Rap Piles,Unknown,40.94017,-100.1638,ROCK PILE
459,Lake Helen,6705,40.94019,-100.164,Rip Rap Piles,Unknown,40.94019,-100.164,ROCK PILE
460,Lake Helen,6705,40.94028,-100.1642,Rip Rap Piles,Unknown,40.94028,-100.1642,ROCK PILE
461,Lake Helen,6705,40.94022,-100.1647,Rip Rap Piles,Unknown,40.94022,-100.1647,ROCK PILE
462,Lake Helen,6705,40.93944,-100.165,Rip Rap Piles,Unknown,40.93944,-100.165,ROCK PILE
463,Lake Helen,6705,40.93944,-100.1653,Rip Rap Piles,Unknown,40.93944,-100.1653,ROCK PILE
464,Lake Helen,6705,40.93972,-100.1658,Rip Rap Piles,Unknown,40.93972,-100.1658,ROCK PILE
465,Lake Helen,6705,40.93972,-100.1656,Rip Rap Piles,Unknown,40.93972,-100.1656,ROCK PILE
466,Lake Helen,6705,40.94092,-100.1626,Rip Rap Piles,Unknown,40.94092,-100.1626,ROCK PILE
547,Medicine Creek,4905,40.385321,-100.231759,Trees,"2006, 2009",40.385321,-100.231759,TREE
548,Medicine Creek,4905,40.390141,-100.222827,Trees,"2006, 2009",40.390141,-100.222827,TREE
549,Medicine Creek,4905,40.389822,-100.222868,Trees,"2006, 2009",40.389822,-100.222868,TREE
550,Medicine Creek,4905,40.389777,-100.221269,Trees,"2006, 2009",40.389777,-100.221269,TREE
551,Medicine Creek,4905,40.379109,-100.227417,Trees,"2006, 2009",40.379109,-100.227417,TREE
552,North Platte I-80 City Lake,4720,41.108927,-100.756656,O'Dell Structures (reused),2013,41.108927,-100.756656,FISH ATTRACTOR
553,North Platte I-80 City Lake,4720,41.10892,-100.755514,O'Dell Structures (reused),2013,41.10892,-100.755514,FISH ATTRACTOR
554,North Platte I-80 City Lake,4720,41.10867,-100.755505,O'Dell Structures (reused),2013,41.10867,-100.755505,FISH ATTRACTOR
555,Red Willow,4910,40.362674,-100.66794,Rocks,"2004, 2012",40.362674,-100.66794,ROCK PILE
556,Red Willow,4910,40.362716,-100.6682,Rocks,"2004, 2012",40.362716,-100.6682,ROCK PILE
557,Red Willow,4910,40.363016,-100.668608,Rocks,"2004, 2012",40.363016,-100.668608,ROCK PILE
558,Red Willow,4910,40.362864,-100.66851,Rocks,"2004, 2012",40.362864,-100.66851,ROCK PILE
559,Red Willow,4910,40.363085,-100.668798,Rocks,"2004, 2012",40.363085,-100.668798,ROCK PILE
560,Red Willow,4910,40.363209,-100.669001,Rocks,"2004, 2012",40.363209,-100.669001,ROCK PILE
561,Red Willow,4910,40.363261,-100.66912,Rocks,"2004, 2012",40.363261,-100.66912,ROCK PILE
562,Red Willow,4910,40.363321,-100.669298,Rocks,"2004, 2012",40.363321,-100.669298,ROCK PILE
563,Red Willow,4910,40.363826,-100.669947,Rocks,"2004, 2012",40.363826,-100.669947,ROCK PILE
564,Red Willow,4910,40.362818,-100.667955,Rocks,"2004, 2012",40.362818,-100.667955,ROCK PILE
565,Red Willow,4910,40.362713,-100.66774,Rocks,"2004, 2012",40.362713,-100.66774,ROCK PILE
566,Red Willow,4910,40.362543,-100.667654,Rocks,"2004, 2012",40.362543,-100.667654,ROCK PILE
567,Red Willow,4910,40.362456,-100.667498,Rocks,"2004, 2012",40.362456,-100.667498,ROCK PILE
568,Red Willow,4910,40.362474,-100.666839,Trees,"2004, 2012",40.362474,-100.666839,TREE
569,Red Willow,4910,40.362418,-100.66632,Trees,"2004, 2012",40.362418,-100.66632,TREE
570,Red Willow,4910,40.362292,-100.666376,Trees,"2004, 2012",40.362292,-100.666376,TREE
571,Red Willow,4910,40.361643,-100.666371,Rocks,"2004, 2012",40.361643,-100.666371,ROCK PILE
572,Red Willow,4910,40.360718,-100.666796,Rocks,"2004, 2012",40.360718,-100.666796,ROCK PILE
573,Red Willow,4910,40.360206,-100.667325,Rocks,"2004, 2012",40.360206,-100.667325,ROCK PILE
574,Red Willow,4910,40.360186,-100.666818,Rocks,"2004, 2012",40.360186,-100.666818,ROCK PILE
575,Red Willow,4910,40.363391,-100.66632,Trees,"2004, 2012",40.363391,-100.66632,TREE
576,Red Willow,4910,40.362663,-100.665631,Trees,"2004, 2012",40.362663,-100.665631,TREE
577,Red Willow,4910,40.362641000000004,-100.665254,Trees,"2004, 2012",40.362641000000004,-100.665254,TREE
578,Red Willow,4910,40.363978,-100.66624,Trees,"2004, 2012",40.363978,-100.66624,TREE
579,Red Willow,4910,40.363739,-100.665952,Trees,"2004, 2012",40.363739,-100.665952,TREE
580,Red Willow,4910,40.365473,-100.665653,Trees,"2004, 2012",40.365473,-100.665653,TREE
581,Red Willow,4910,40.379325,-100.676502,RW DH 1,"2004, 2012",40.379325,-100.676502,STRUCTURE
582,Red Willow,4910,40.379325,-100.676502,RW DH 1,"2004, 2012",40.379325,-100.676502,STRUCTURE
583,Red Willow,4910,40.379325,-100.676502,RW DH 1,"2004, 2012",40.379325,-100.676502,STRUCTURE
584,Red Willow,4910,40.380277,-100.676019,RW DH 2,"2004, 2012",40.380277,-100.676019,STRUCTURE
585,Red Willow,4910,40.380277,-100.676019,RW DH 2,"2004, 2012",40.380277,-100.676019,STRUCTURE
586,Red Willow,4910,40.380277,-100.676019,RW DH 2,"2004, 2012",40.380277,-100.676019,STRUCTURE
587,Red Willow,4910,40.3609,-100.685961,Trees,"2004, 2012",40.3609,-100.685961,TREE
588,Red Willow,4910,40.3609,-100.685961,Trees,"2004, 2012",40.3609,-100.685961,TREE
589,Red Willow,4910,40.3609,-100.685961,Trees,"2004, 2012",40.3609,-100.685961,TREE
590,Red Willow,4910,40.354943,-100.681355,Brush Piles,"2004, 2012",40.354943,-100.681355,BRUSH PILE
591,Red Willow,4910,40.351931,-100.681203,Brush Piles,"2004, 2012",40.351931,-100.681203,BRUSH PILE
592,Red Willow,4910,40.352875,-100.680379,Brush Piles,"2004, 2012",40.352875,-100.680379,BRUSH PILE
593,Red Willow,4910,40.365123,-100.677171,Brush Piles,"2004, 2012",40.365123,-100.677171,BRUSH PILE
594,Swanson,4920,40.170045,-101.067162,edge of tree pile,2005,40.170045,-101.067162,BRUSH PILE
595,Swanson,4920,40.16986,-101.066373,edge of tree pile,2005,40.16986,-101.066373,BRUSH PILE
596,Swanson,4920,40.169503,-101.08008,Large Tree Pile,2005,40.169503,-101.08008,BRUSH PILE
598,West Brady,4270,41.01667,-100.4164,Unknown,2010,41.01667,-100.4164,STRUCTURE
599,West Brady,4270,41.01685,-100.4165,Unknown,2010,41.01685,-100.4165,STRUCTURE
600,West Brady,4270,41.01692,-100.4166,Unknown,2010,41.01692,-100.4166,STRUCTURE
601,West Brady,4270,41.0168,-100.4164,Unknown,2010,41.0168,-100.4164,STRUCTURE
602,West Brady,4270,41.01723,-100.4188,Unknown,2010,41.01723,-100.4188,STRUCTURE
603,West Brady,4270,41.01735,-100.4189,Unknown,2010,41.01735,-100.4189,STRUCTURE
604,West Brady,4270,41.01748,-100.419,Unknown,2010,41.01748,-100.419,STRUCTURE
605,West Brady,4271,41.017441,-100.419024,Trees,2018,41.017441,-100.419024,TREE
606,West Gothenburg,4260,40.986642,-100.301662,Trees,2011,40.986642,-100.301662,TREE
607,West Gothenburg,4261,40.98673,-100.304244,Trees,2011,40.98673,-100.304244,TREE
608,West Gothenburg,4262,40.986472,-100.303731,Trees,2011,40.986472,-100.303731,TREE
609,West Gothenburg,4263,40.985644,-100.302256,Trees,2011,40.985644,-100.302256,TREE
610,West Gothenburg,4264,40.987334,-100.303641,Trees,2011,40.987334,-100.303641,TREE
611,West Gothenburg,4265,40.986302,-100.301141,Trees,2011,40.986302,-100.301141,TREE
612,West Gothenburg,4266,40.987259,-100.304891,Trees,2011,40.987259,-100.304891,TREE
613,West Gothenburg,4266,40.9868,-100.302,Trees,2014,40.9868,-100.302,TREE
614,West Gothenburg,4266,40.98697,-100.3024,Trees,2014,40.98697,-100.3024,TREE
615,Willow Island,6240,40.87722,-100.0676,Trees,2015,40.87722,-100.0676,TREE
616,Willow Island,6240,40.87736,-100.0679,Trees,2015,40.87736,-100.0679,TREE
617,Willow Island,6240,40.87744,-100.0682,Trees,2015,40.87744,-100.0682,TREE
618,Willow Island,6240,40.87744,-100.0683,Trees,2015,40.87744,-100.0683,TREE
619,Cunningham Lake,5720,41.339413,-96.04992704,CEDAR,2019,41.339413,-96.04992704,CEDAR
620,Cunningham Lake,5720,41.33941401,-96.04993198,CEDAR,2019,41.33941401,-96.04993198,CEDAR
621,Cunningham Lake,5720,41.33924603,-96.04941398,CEDAR,2019,41.33924603,-96.04941398,CEDAR
622,Cunningham Lake,5720,41.33921896,-96.04937903,CEDAR,2019,41.33921896,-96.04937903,CEDAR
623,Cunningham Lake,5720,41.33930898,-96.04914702,CEDAR,2019,41.33930898,-96.04914702,CEDAR
624,Cunningham Lake,5720,41.33945097,-96.04930602,CEDAR,2019,41.33945097,-96.04930602,CEDAR
625,Cunningham Lake,5720,41.33942801,-96.04937903,CEDAR,2019,41.33942801,-96.04937903,CEDAR
626,Cunningham Lake,5720,41.340003,-96.04943301,CEDAR,2019,41.340003,-96.04943301,CEDAR
627,Cunningham Lake,5720,41.34002597,-96.04941901,CEDAR,2019,41.34002597,-96.04941901,CEDAR
628,Cunningham Lake,5720,41.34005103,-96.04934701,CEDAR,2019,41.34005103,-96.04934701,CEDAR
629,Cunningham Lake,5720,41.34003703,-96.04931599,CEDAR,2019,41.34003703,-96.04931599,CEDAR
630,Cunningham Lake,5720,41.34005497,-96.04922497,CEDAR,2019,41.34005497,-96.04922497,CEDAR
631,Cunningham Lake,5720,41.34026703,-96.04958799,CEDAR,2019,41.34026703,-96.04958799,CEDAR
632,Cunningham Lake,5720,41.340275,-96.04959603,CEDAR,2019,41.340275,-96.04959603,CEDAR
633,Cunningham Lake,5720,41.340233,-96.04914702,CEDAR,2019,41.340233,-96.04914702,CEDAR
634,Cunningham Lake,5720,41.34018598,-96.049058,CEDAR,2019,41.34018598,-96.049058,CEDAR
635,Cunningham Lake,5720,41.34016603,-96.04901399,CEDAR,2019,41.34016603,-96.04901399,CEDAR
636,Cunningham Lake,5720,41.34032504,-96.048886,CEDAR,2019,41.34032504,-96.048886,CEDAR
637,Cunningham Lake,5720,41.340348,-96.04887201,CEDAR,2019,41.340348,-96.04887201,CEDAR
638,Cunningham Lake,5720,41.340377,-96.04883404,CEDAR,2019,41.340377,-96.04883404,CEDAR
639,Cunningham Lake,5720,41.34041598,-96.04880503,CEDAR,2019,41.34041598,-96.04880503,CEDAR
640,Cunningham Lake,5720,41.34038698,-96.04860504,CEDAR,2019,41.34038698,-96.04860504,CEDAR
641,Cunningham Lake,5720,41.34039704,-96.04857302,CEDAR,2019,41.34039704,-96.04857302,CEDAR
642,Cunningham Lake,5720,41.34040098,-96.04854402,CEDAR,2019,41.34040098,-96.04854402,CEDAR
643,Cunningham Lake,5720,41.34039402,-96.04853396,CEDAR,2019,41.34039402,-96.04853396,CEDAR
644,Cunningham Lake,5720,41.34014499,-96.04853698,CEDAR,2019,41.34014499,-96.04853698,CEDAR
645,Cunningham Lake,5720,41.34009596,-96.04852198,CEDAR,2019,41.34009596,-96.04852198,CEDAR
646,Cunningham Lake,5720,41.340074,-96.04852701,CEDAR,2019,41.340074,-96.04852701,CEDAR
647,Cunningham Lake,5720,41.34016201,-96.04841804,CEDAR,2019,41.34016201,-96.04841804,CEDAR
648,Cunningham Lake,5720,41.34035404,-96.04810598,CEDAR,2019,41.34035404,-96.04810598,CEDAR
649,Cunningham Lake,5720,41.34037499,-96.048095,CEDAR,2019,41.34037499,-96.048095,CEDAR
650,Cunningham Lake,5720,41.34037198,-96.04807598,CEDAR,2019,41.34037198,-96.04807598,CEDAR
651,Cunningham Lake,5720,41.33862804,-96.05085097,CEDAR,2019,41.33862804,-96.05085097,CEDAR
652,Cunningham Lake,5720,41.34090104,-96.04645098,CEDAR,2019,41.34090104,-96.04645098,CEDAR
653,Cunningham Lake,5720,41.340937,-96.04642499,CEDAR,2019,41.340937,-96.04642499,CEDAR
654,Cunningham Lake,5720,41.34094798,-96.04636196,CEDAR,2019,41.34094798,-96.04636196,CEDAR
655,Cunningham Lake,5720,41.34103096,-96.04623598,CEDAR,2019,41.34103096,-96.04623598,CEDAR
656,Cunningham Lake,5720,41.34106801,-96.04620899,CEDAR,2019,41.34106801,-96.04620899,CEDAR
657,Cunningham Lake,5720,41.34108603,-96.04631402,CEDAR,2019,41.34108603,-96.04631402,CEDAR
658,Cunningham Lake,5720,41.34111101,-96.04628501,CEDAR,2019,41.34111101,-96.04628501,CEDAR
659,Cunningham Lake,5720,41.34112299,-96.04621897,CEDAR,2019,41.34112299,-96.04621897,CEDAR
660,Cunningham Lake,5720,41.34116801,-96.04609299,CEDAR,2019,41.34116801,-96.04609299,CEDAR
661,Cunningham Lake,5720,41.34118401,-96.04605401,CEDAR,2019,41.34118401,-96.04605401,CEDAR
662,Cunningham Lake,5720,41.34067196,-96.04688298,CEDAR,2019,41.34067196,-96.04688298,CEDAR
663,Cunningham Lake,5720,41.34120899,-96.04602199,CEDAR,2019,41.34120899,-96.04602199,CEDAR
664,Cunningham Lake,5720,41.34131997,-96.04588,CEDAR,2019,41.34131997,-96.04588,CEDAR
665,Cunningham Lake,5720,41.34133204,-96.04601897,CEDAR,2019,41.34133204,-96.04601897,CEDAR
666,Cunningham Lake,5720,41.34133003,-96.04609299,CEDAR,2019,41.34133003,-96.04609299,CEDAR
667,Cunningham Lake,5720,41.34132097,-96.04613598,CEDAR,2019,41.34132097,-96.04613598,CEDAR
668,Cunningham Lake,5720,41.34130497,-96.04619097,CEDAR,2019,41.34130497,-96.04619097,CEDAR
669,Cunningham Lake,5720,41.34129399,-96.046225,CEDAR,2019,41.34129399,-96.046225,CEDAR
670,Cunningham Lake,5720,41.34123003,-96.04650102,CEDAR,2019,41.34123003,-96.04650102,CEDAR
671,Cunningham Lake,5720,41.34120799,-96.04651401,CEDAR,2019,41.34120799,-96.04651401,CEDAR
672,Cunningham Lake,5720,41.340663,-96.04677603,CEDAR,2019,41.340663,-96.04677603,CEDAR
673,Cunningham Lake,5720,41.34120002,-96.04657704,CEDAR,2019,41.34120002,-96.04657704,CEDAR
674,Cunningham Lake,5720,41.341182,-96.04662498,CEDAR,2019,41.341182,-96.04662498,CEDAR
675,Cunningham Lake,5720,41.34115501,-96.04665499,CEDAR,2019,41.34115501,-96.04665499,CEDAR
676,Cunningham Lake,5720,41.34112903,-96.04663898,CEDAR,2019,41.34112903,-96.04663898,CEDAR
677,Cunningham Lake,5720,41.34107899,-96.04668701,CEDAR,2019,41.34107899,-96.04668701,CEDAR
678,Cunningham Lake,5720,41.34106901,-96.04659699,CEDAR,2019,41.34106901,-96.04659699,CEDAR
679,Cunningham Lake,5720,41.34109299,-96.04657897,CEDAR,2019,41.34109299,-96.04657897,CEDAR
680,Cunningham Lake,5720,41.34093298,-96.04689002,CEDAR,2019,41.34093298,-96.04689002,CEDAR
681,Cunningham Lake,5720,41.34112199,-96.04648199,CEDAR,2019,41.34112199,-96.04648199,CEDAR
682,Cunningham Lake,5720,41.34093398,-96.04689999,CEDAR,2019,41.34093398,-96.04689999,CEDAR
683,Cunningham Lake,5720,41.34072804,-96.04668198,CEDAR,2019,41.34072804,-96.04668198,CEDAR
684,Cunningham Lake,5720,41.34090297,-96.04690804,CEDAR,2019,41.34090297,-96.04690804,CEDAR
685,Cunningham Lake,5720,41.34089501,-96.04697501,CEDAR,2019,41.34089501,-96.04697501,CEDAR
686,Cunningham Lake,5720,41.340909,-96.04698499,CEDAR,2019,41.340909,-96.04698499,CEDAR
687,Cunningham Lake,5720,41.34091403,-96.04700603,CEDAR,2019,41.34091403,-96.04700603,CEDAR
688,Cunningham Lake,5720,41.34089098,-96.04705397,CEDAR,2019,41.34089098,-96.04705397,CEDAR
689,Cunningham Lake,5720,41.34090297,-96.04708599,CEDAR,2019,41.34090297,-96.04708599,CEDAR
690,Cunningham Lake,5720,41.340952,-96.04715497,CEDAR,2019,41.340952,-96.04715497,CEDAR
691,Cunningham Lake,5720,41.340994,-96.04708901,CEDAR,2019,41.340994,-96.04708901,CEDAR
692,Cunningham Lake,5720,41.34101696,-96.04699899,CEDAR,2019,41.34101696,-96.04699899,CEDAR
693,Cunningham Lake,5720,41.34021599,-96.05135799,CEDAR,2019,41.34021599,-96.05135799,CEDAR
694,Cunningham Lake,5720,41.34021901,-96.05140904,CEDAR,2019,41.34021901,-96.05140904,CEDAR
695,Cunningham Lake,5720,41.34022898,-96.05138901,CEDAR,2019,41.34022898,-96.05138901,CEDAR
696,Cunningham Lake,5720,41.34017902,-96.05187298,CEDAR,2019,41.34017902,-96.05187298,CEDAR
697,Cunningham Lake,5720,41.34017198,-96.05193601,CEDAR,2019,41.34017198,-96.05193601,CEDAR
698,Cunningham Lake,5720,41.34015799,-96.05198001,CEDAR,2019,41.34015799,-96.05198001,CEDAR
699,Cunningham Lake,5720,41.34020098,-96.052006,CEDAR,2019,41.34020098,-96.052006,CEDAR
700,Cunningham Lake,5720,41.34021599,-96.05206802,CEDAR,2019,41.34021599,-96.05206802,CEDAR
701,Cunningham Lake,5720,41.34030702,-96.05208202,CEDAR,2019,41.34030702,-96.05208202,CEDAR
702,Cunningham Lake,5720,41.34031699,-96.05211404,CEDAR,2019,41.34031699,-96.05211404,CEDAR
703,Cunningham Lake,5720,41.34075302,-96.04656598,CEDAR,2019,41.34075302,-96.04656598,CEDAR
704,Cunningham Lake,5720,41.34004802,-96.05201103,CEDAR,2019,41.34004802,-96.05201103,CEDAR
705,Cunningham Lake,5720,41.34002103,-96.05155497,CEDAR,2019,41.34002103,-96.05155497,CEDAR
706,Cunningham Lake,5720,41.33980603,-96.05088299,CEDAR,2019,41.33980603,-96.05088299,CEDAR
707,Cunningham Lake,5720,41.33936397,-96.05048502,CEDAR,2019,41.33936397,-96.05048502,CEDAR
708,Cunningham Lake,5720,41.33950302,-96.05057102,CEDAR,2019,41.33950302,-96.05057102,CEDAR
709,Cunningham Lake,5720,41.33954401,-96.05066003,CEDAR,2019,41.33954401,-96.05066003,CEDAR
710,Cunningham Lake,5720,41.339542,-96.05069197,CEDAR,2019,41.339542,-96.05069197,CEDAR
711,Cunningham Lake,5720,41.33963504,-96.05070496,CEDAR,2019,41.33963504,-96.05070496,CEDAR
712,Cunningham Lake,5720,41.33967502,-96.05069398,CEDAR,2019,41.33967502,-96.05069398,CEDAR
713,Cunningham Lake,5720,41.34079501,-96.046555,CEDAR,2019,41.34079501,-96.046555,CEDAR
714,Cunningham Lake,5720,41.339671,-96.05064704,CEDAR,2019,41.339671,-96.05064704,CEDAR
715,Cunningham Lake,5720,41.33952096,-96.05043699,CEDAR,2019,41.33952096,-96.05043699,CEDAR
716,Cunningham Lake,5720,41.33941401,-96.05031998,CEDAR,2019,41.33941401,-96.05031998,CEDAR
717,Cunningham Lake,5720,41.33943597,-96.05021403,CEDAR,2019,41.33943597,-96.05021403,CEDAR
718,Cunningham Lake,5720,41.33947897,-96.050137,CEDAR,2019,41.33947897,-96.050137,CEDAR
719,Cunningham Lake,5720,41.33945399,-96.05015201,CEDAR,2019,41.33945399,-96.05015201,CEDAR
720,Cunningham Lake,5720,41.33945701,-96.05007598,CEDAR,2019,41.33945701,-96.05007598,CEDAR
721,Cunningham Lake,5720,41.33945298,-96.050036,CEDAR,2019,41.33945298,-96.050036,CEDAR
722,Cunningham Lake,5720,41.33946296,-96.04996299,CEDAR,2019,41.33946296,-96.04996299,CEDAR
723,Cunningham Lake,5720,41.34084597,-96.04653002,CEDAR,2019,41.34084597,-96.04653002,CEDAR
724,Cunningham Lake,5720,41.33941401,-96.04993299,CEDAR,2019,41.33941401,-96.04993299,CEDAR
725,Cunningham Lake,5720,41.33946698,-96.04994698,CEDAR,2019,41.33946698,-96.04994698,CEDAR
726,Cunningham Lake,5720,41.33950797,-96.04983903,CEDAR,2019,41.33950797,-96.04983903,CEDAR
727,Cunningham Lake,5720,41.33954502,-96.04980701,CEDAR,2019,41.33954502,-96.04980701,CEDAR
728,Cunningham Lake,5720,41.339456,-96.04974196,CEDAR,2019,41.339456,-96.04974196,CEDAR
729,Cunningham Lake,5720,41.33935802,-96.04960299,CEDAR,2019,41.33935802,-96.04960299,CEDAR
730,Cunningham Lake,5720,41.33934301,-96.04956703,CEDAR,2019,41.33934301,-96.04956703,CEDAR
731,Cunningham Lake,5720,41.33933698,-96.04947701,CEDAR,2019,41.33933698,-96.04947701,CEDAR
732,Cunningham Lake,5720,41.34061798,-96.04696596,CEDAR,2019,41.34061798,-96.04696596,CEDAR
733,Cunningham Lake,5720,41.34136297,-96.04727198,ROCK PILE,NA,41.34136297,-96.04727198,ROCK PILE
734,Cunningham Lake,5720,41.341397,-96.04722898,ROCK PILE,NA,41.341397,-96.04722898,ROCK PILE
735,Cunningham Lake,5720,41.34140203,-96.04773299,ROCK PILE,NA,41.34140203,-96.04773299,ROCK PILE
736,Cunningham Lake,5720,41.34150898,-96.04794497,ROCK PILE,NA,41.34150898,-96.04794497,ROCK PILE
737,Cunningham Lake,5720,41.34153002,-96.04811101,ROCK PILE,NA,41.34153002,-96.04811101,ROCK PILE
738,Cunningham Lake,5720,41.33948802,-96.04994296,ROCK PILE,NA,41.33948802,-96.04994296,ROCK PILE
739,Cunningham Lake,5720,41.34134796,-96.04847504,ROCK PILE,NA,41.34134796,-96.04847504,ROCK PILE
740,Cunningham Lake,5720,41.33950998,-96.04977801,ROCK PILE,NA,41.33950998,-96.04977801,ROCK PILE
741,Cunningham Lake,5720,41.34015203,-96.04836599,ROCK PILE,NA,41.34015203,-96.04836599,ROCK PILE
742,Cunningham Lake,5720,41.339297,-96.05100797,ROOTWAD,NA,41.339297,-96.05100797,STRUCTURE
743,Cunningham Lake,5720,41.33940202,-96.05073304,ROOTWAD,NA,41.33940202,-96.05073304,STRUCTURE
744,Cunningham Lake,5720,41.34225698,-96.0554,SHOAL,2020,41.34225698,-96.0554,SHOAL
745,Cunningham Lake,5720,41.34265596,-96.05509096,SHOAL,2020,41.34265596,-96.05509096,SHOAL
746,Cunningham Lake,5720,41.34302703,-96.05488703,SHOAL,2020,41.34302703,-96.05488703,SHOAL
747,Cunningham Lake,5720,41.34163102,-96.05594499,SHOAL,2020,41.34163102,-96.05594499,SHOAL
748,Cunningham Lake,5720,41.34128703,-96.04716696,STUMP,2020,41.34128703,-96.04716696,TREE
749,Cunningham Lake,5720,41.34121503,-96.04723401,STUMP,2020,41.34121503,-96.04723401,TREE
750,Cunningham Lake,5720,41.34031598,-96.05056004,STUMP,2020,41.34031598,-96.05056004,TREE
751,Glen Cunningham,5720,41.339413,-96.04992704,1,2019,41.339413,-96.04992704,CEDAR
752,Glen Cunningham,5720,41.33941401,-96.04993198,2,2019,41.33941401,-96.04993198,CEDAR
753,Glen Cunningham,5720,41.33924603,-96.04941398,3,2019,41.33924603,-96.04941398,CEDAR
754,Glen Cunningham,5720,41.33921896,-96.04937903,4,2019,41.33921896,-96.04937903,CEDAR
755,Glen Cunningham,5720,41.33930898,-96.04914702,5,2019,41.33930898,-96.04914702,CEDAR
756,Glen Cunningham,5720,41.33945097,-96.04930602,6,2019,41.33945097,-96.04930602,CEDAR
757,Glen Cunningham,5720,41.33942801,-96.04937903,7,2019,41.33942801,-96.04937903,CEDAR
758,Glen Cunningham,5720,41.340003,-96.04943301,8,2019,41.340003,-96.04943301,CEDAR
759,Glen Cunningham,5720,41.34002597,-96.04941901,9,2019,41.34002597,-96.04941901,CEDAR
760,Glen Cunningham,5720,41.34005103,-96.04934701,10,2019,41.34005103,-96.04934701,CEDAR
761,Glen Cunningham,5720,41.34003703,-96.04931599,11,2019,41.34003703,-96.04931599,CEDAR
762,Glen Cunningham,5720,41.34005497,-96.04922497,12,2019,41.34005497,-96.04922497,CEDAR
763,Glen Cunningham,5720,41.34026703,-96.04958799,13,2019,41.34026703,-96.04958799,CEDAR
764,Glen Cunningham,5720,41.340275,-96.04959603,14,2019,41.340275,-96.04959603,CEDAR
765,Glen Cunningham,5720,41.340233,-96.04914702,15,2019,41.340233,-96.04914702,CEDAR
766,Glen Cunningham,5720,41.34018598,-96.049058,16,2019,41.34018598,-96.049058,CEDAR
767,Glen Cunningham,5720,41.34016603,-96.04901399,17,2019,41.34016603,-96.04901399,CEDAR
768,Glen Cunningham,5720,41.34032504,-96.048886,18,2019,41.34032504,-96.048886,CEDAR
769,Glen Cunningham,5720,41.340348,-96.04887201,19,2019,41.340348,-96.04887201,CEDAR
770,Glen Cunningham,5720,41.340377,-96.04883404,20,2019,41.340377,-96.04883404,CEDAR
771,Glen Cunningham,5720,41.34041598,-96.04880503,21,2019,41.34041598,-96.04880503,CEDAR
772,Glen Cunningham,5720,41.34038698,-96.04860504,22,2019,41.34038698,-96.04860504,CEDAR
773,Glen Cunningham,5720,41.34039704,-96.04857302,23,2019,41.34039704,-96.04857302,CEDAR
774,Glen Cunningham,5720,41.34040098,-96.04854402,24,2019,41.34040098,-96.04854402,CEDAR
775,Glen Cunningham,5720,41.34039402,-96.04853396,25,2019,41.34039402,-96.04853396,CEDAR
776,Glen Cunningham,5720,41.34014499,-96.04853698,26,2019,41.34014499,-96.04853698,CEDAR
777,Glen Cunningham,5720,41.34009596,-96.04852198,27,2019,41.34009596,-96.04852198,CEDAR
778,Glen Cunningham,5720,41.340074,-96.04852701,28,2019,41.340074,-96.04852701,CEDAR
779,Glen Cunningham,5720,41.34016201,-96.04841804,29,2019,41.34016201,-96.04841804,CEDAR
780,Glen Cunningham,5720,41.34035404,-96.04810598,30,2019,41.34035404,-96.04810598,CEDAR
781,Glen Cunningham,5720,41.34037499,-96.048095,31,2019,41.34037499,-96.048095,CEDAR
782,Glen Cunningham,5720,41.34037198,-96.04807598,32,2019,41.34037198,-96.04807598,CEDAR
783,Glen Cunningham,5720,41.33862804,-96.05085097,33,2019,41.33862804,-96.05085097,CEDAR
784,Glen Cunningham,5720,41.35065104,-96.054077,34,2019,41.35065104,-96.054077,CEDAR
785,Glen Cunningham,5720,41.35065196,-96.05414498,35,2019,41.35065196,-96.05414498,CEDAR
786,Glen Cunningham,5720,41.35082102,-96.05423399,36,2019,41.35082102,-96.05423399,CEDAR
787,Glen Cunningham,5720,41.35084198,-96.05420499,37,2019,41.35084198,-96.05420499,CEDAR
788,Glen Cunningham,5720,41.35078599,-96.05410298,38,2019,41.35078599,-96.05410298,CEDAR
789,Glen Cunningham,5720,41.350817,-96.05408303,39,2019,41.350817,-96.05408303,CEDAR
790,Glen Cunningham,5720,41.350774,-96.05402696,40,2019,41.350774,-96.05402696,CEDAR
791,Glen Cunningham,5720,41.350888,-96.05403299,41,2019,41.350888,-96.05403299,CEDAR
792,Glen Cunningham,5720,41.350932,-96.05402604,42,2019,41.350932,-96.05402604,CEDAR
793,Glen Cunningham,5720,41.35095698,-96.05410399,43,2019,41.35095698,-96.05410399,CEDAR
794,Glen Cunningham,5720,41.35102596,-96.05421002,44,2019,41.35102596,-96.05421002,CEDAR
795,Glen Cunningham,5720,41.35101398,-96.05423299,45,2019,41.35101398,-96.05423299,CEDAR
796,Glen Cunningham,5720,41.35097802,-96.05429099,46,2019,41.35097802,-96.05429099,CEDAR
797,Glen Cunningham,5720,41.35099696,-96.05427297,47,2019,41.35099696,-96.05427297,CEDAR
798,Glen Cunningham,5720,41.35144497,-96.05447397,48,2019,41.35144497,-96.05447397,CEDAR
799,Glen Cunningham,5720,41.35140399,-96.05461403,49,2019,41.35140399,-96.05461403,CEDAR
800,Glen Cunningham,5720,41.35164496,-96.05447598,50,2019,41.35164496,-96.05447598,CEDAR
801,Glen Cunningham,5720,41.35167003,-96.05447003,51,2019,41.35167003,-96.05447003,CEDAR
802,Glen Cunningham,5720,41.35178201,-96.05442703,52,2019,41.35178201,-96.05442703,CEDAR
803,Glen Cunningham,5720,41.35189097,-96.05341902,53,2019,41.35189097,-96.05341902,CEDAR
804,Glen Cunningham,5720,41.351695,-96.05322104,54,2019,41.351695,-96.05322104,CEDAR
805,Glen Cunningham,5720,41.35206498,-96.05336102,55,2019,41.35206498,-96.05336102,CEDAR
806,Glen Cunningham,5720,41.35251299,-96.05270002,56,2019,41.35251299,-96.05270002,CEDAR
807,Glen Cunningham,5720,41.35252599,-96.05270103,57,2019,41.35252599,-96.05270103,CEDAR
808,Glen Cunningham,5720,41.352572,-96.05268703,58,2019,41.352572,-96.05268703,CEDAR
809,Glen Cunningham,5720,41.35286001,-96.05270304,59,2019,41.35286001,-96.05270304,CEDAR
810,Glen Cunningham,5720,41.35286302,-96.05277898,60,2019,41.35286302,-96.05277898,CEDAR
811,Glen Cunningham,5720,41.353564,-96.05376796,61,2019,41.353564,-96.05376796,CEDAR
812,Glen Cunningham,5720,41.35358303,-96.053674,62,2019,41.35358303,-96.053674,CEDAR
813,Glen Cunningham,5720,41.35365603,-96.05394297,63,2019,41.35365603,-96.05394297,CEDAR
814,Glen Cunningham,5720,41.35389701,-96.05364801,64,2019,41.35389701,-96.05364801,CEDAR
815,Glen Cunningham,5720,41.35400598,-96.05362597,65,2019,41.35400598,-96.05362597,CEDAR
816,Glen Cunningham,5720,41.35403004,-96.05364097,66,2019,41.35403004,-96.05364097,CEDAR
817,Glen Cunningham,5720,41.35401101,-96.053358,67,2019,41.35401101,-96.053358,CEDAR
818,Glen Cunningham,5720,41.354167,-96.05323596,68,2019,41.354167,-96.05323596,CEDAR
819,Glen Cunningham,5720,41.35425601,-96.05324602,69,2019,41.35425601,-96.05324602,CEDAR
820,Glen Cunningham,5720,41.35418401,-96.053157,70,2019,41.35418401,-96.053157,CEDAR
821,Glen Cunningham,5720,41.35427504,-96.05341902,71,2019,41.35427504,-96.05341902,CEDAR
822,Glen Cunningham,5720,41.354311,-96.05345699,72,2019,41.354311,-96.05345699,CEDAR
823,Glen Cunningham,5720,41.35440102,-96.05382596,73,2019,41.35440102,-96.05382596,CEDAR
824,Glen Cunningham,5720,41.35446103,-96.05382001,74,2019,41.35446103,-96.05382001,CEDAR
825,Glen Cunningham,5720,41.35464099,-96.053718,75,2019,41.35464099,-96.053718,CEDAR
826,Glen Cunningham,5720,41.35466496,-96.05372597,76,2019,41.35466496,-96.05372597,CEDAR
827,Glen Cunningham,5720,41.35467301,-96.05372597,77,2019,41.35467301,-96.05372597,CEDAR
828,Glen Cunningham,5720,41.35469003,-96.05376704,78,2019,41.35469003,-96.05376704,CEDAR
829,Glen Cunningham,5720,41.35478097,-96.05362203,79,2019,41.35478097,-96.05362203,CEDAR
830,Glen Cunningham,5720,41.35483503,-96.05365204,80,2019,41.35483503,-96.05365204,CEDAR
831,Glen Cunningham,5720,41.35489396,-96.05369302,81,2019,41.35489396,-96.05369302,CEDAR
832,Glen Cunningham,5720,41.355002,-96.053703,82,2019,41.355002,-96.053703,CEDAR
833,Glen Cunningham,5720,41.35503603,-96.053704,83,2019,41.35503603,-96.053704,CEDAR
834,Glen Cunningham,5720,41.35508498,-96.05371398,84,2019,41.35508498,-96.05371398,CEDAR
835,Glen Cunningham,5720,41.35519596,-96.05377701,85,2019,41.35519596,-96.05377701,CEDAR
836,Glen Cunningham,5720,41.35524097,-96.05390199,86,2019,41.35524097,-96.05390199,CEDAR
837,Glen Cunningham,5720,41.35530601,-96.05379503,87,2019,41.35530601,-96.05379503,CEDAR
838,Glen Cunningham,5720,41.35540098,-96.05376201,88,2019,41.35540098,-96.05376201,CEDAR
839,Glen Cunningham,5720,41.35545596,-96.05376301,89,2019,41.35545596,-96.05376301,CEDAR
840,Glen Cunningham,5720,41.35548396,-96.053718,90,2019,41.35548396,-96.053718,CEDAR
841,Glen Cunningham,5720,41.35552998,-96.05375597,91,2019,41.35552998,-96.05375597,CEDAR
842,Glen Cunningham,5720,41.35561598,-96.053775,92,2019,41.35561598,-96.053775,CEDAR
843,Glen Cunningham,5720,41.35572997,-96.05388002,93,2019,41.35572997,-96.05388002,CEDAR
844,Glen Cunningham,5720,41.355778,-96.05391003,94,2019,41.355778,-96.05391003,CEDAR
845,Glen Cunningham,5720,41.355821,-96.053919,95,2019,41.355821,-96.053919,CEDAR
846,Glen Cunningham,5720,41.35588202,-96.053502,96,2019,41.35588202,-96.053502,CEDAR
847,Glen Cunningham,5720,41.35578504,-96.05352899,97,2019,41.35578504,-96.05352899,CEDAR
848,Glen Cunningham,5720,41.35468801,-96.05335599,98,2019,41.35468801,-96.05335599,CEDAR
849,Glen Cunningham,5720,41.35447604,-96.053373,99,2019,41.35447604,-96.053373,CEDAR
850,Glen Cunningham,5720,41.35443203,-96.05334702,100,2019,41.35443203,-96.05334702,CEDAR
851,Glen Cunningham,5720,41.35411603,-96.05277102,101,2019,41.35411603,-96.05277102,CEDAR
852,Glen Cunningham,5720,41.35410497,-96.05274,102,2019,41.35410497,-96.05274,CEDAR
853,Glen Cunningham,5720,41.35414998,-96.05268502,103,2019,41.35414998,-96.05268502,CEDAR
854,Glen Cunningham,5720,41.35407899,-96.052697,104,2019,41.35407899,-96.052697,CEDAR
855,Glen Cunningham,5720,41.35402501,-96.05269801,105,2019,41.35402501,-96.05269801,CEDAR
856,Glen Cunningham,5720,41.35368101,-96.05277797,106,2019,41.35368101,-96.05277797,CEDAR
857,Glen Cunningham,5720,41.35360901,-96.052667,107,2019,41.35360901,-96.052667,CEDAR
858,Glen Cunningham,5720,41.35358102,-96.05252199,108,2019,41.35358102,-96.05252199,CEDAR
859,Glen Cunningham,5720,41.35356702,-96.05251,109,2019,41.35356702,-96.05251,CEDAR
860,Glen Cunningham,5720,41.35360197,-96.05240699,110,2019,41.35360197,-96.05240699,CEDAR
861,Glen Cunningham,5720,41.35367104,-96.05113604,111,2019,41.35367104,-96.05113604,CEDAR
862,Glen Cunningham,5720,41.35347901,-96.05128096,112,2019,41.35347901,-96.05128096,CEDAR
863,Glen Cunningham,5720,41.35280896,-96.05204104,113,2019,41.35280896,-96.05204104,CEDAR
864,Glen Cunningham,5720,41.34090104,-96.04645098,CED10,2019,41.34090104,-96.04645098,CEDAR
865,Glen Cunningham,5720,41.35013698,-96.05423902,CED100,2019,41.35013698,-96.05423902,CEDAR
866,Glen Cunningham,5720,41.35010202,-96.05439199,CED101,2019,41.35010202,-96.05439199,CEDAR
867,Glen Cunningham,5720,41.350112,-96.05447003,CED102,2019,41.350112,-96.05447003,CEDAR
868,Glen Cunningham,5720,41.340937,-96.04642499,CED11,2019,41.340937,-96.04642499,CEDAR
869,Glen Cunningham,5720,41.34094798,-96.04636196,CED12,2019,41.34094798,-96.04636196,CEDAR
870,Glen Cunningham,5720,41.34103096,-96.04623598,CED13,2019,41.34103096,-96.04623598,CEDAR
871,Glen Cunningham,5720,41.34106801,-96.04620899,CED14,2019,41.34106801,-96.04620899,CEDAR
872,Glen Cunningham,5720,41.34108603,-96.04631402,CED15,2019,41.34108603,-96.04631402,CEDAR
873,Glen Cunningham,5720,41.34111101,-96.04628501,CED16,2019,41.34111101,-96.04628501,CEDAR
874,Glen Cunningham,5720,41.34112299,-96.04621897,CED17,2019,41.34112299,-96.04621897,CEDAR
875,Glen Cunningham,5720,41.34116801,-96.04609299,CED18,2019,41.34116801,-96.04609299,CEDAR
876,Glen Cunningham,5720,41.34118401,-96.04605401,CED19,2019,41.34118401,-96.04605401,CEDAR
877,Glen Cunningham,5720,41.34067196,-96.04688298,CED2,2019,41.34067196,-96.04688298,CEDAR
878,Glen Cunningham,5720,41.34120899,-96.04602199,CED20,2019,41.34120899,-96.04602199,CEDAR
879,Glen Cunningham,5720,41.34131997,-96.04588,CED21,2019,41.34131997,-96.04588,CEDAR
880,Glen Cunningham,5720,41.34133204,-96.04601897,CED22,2019,41.34133204,-96.04601897,CEDAR
881,Glen Cunningham,5720,41.34133003,-96.04609299,CED23,2019,41.34133003,-96.04609299,CEDAR
882,Glen Cunningham,5720,41.34132097,-96.04613598,CED24,2019,41.34132097,-96.04613598,CEDAR
883,Glen Cunningham,5720,41.34130497,-96.04619097,CED26,2019,41.34130497,-96.04619097,CEDAR
884,Glen Cunningham,5720,41.34129399,-96.046225,CED27,2019,41.34129399,-96.046225,CEDAR
885,Glen Cunningham,5720,41.34123003,-96.04650102,CED28,2019,41.34123003,-96.04650102,CEDAR
886,Glen Cunningham,5720,41.34120799,-96.04651401,CED29,2019,41.34120799,-96.04651401,CEDAR
887,Glen Cunningham,5720,41.340663,-96.04677603,CED3,2019,41.340663,-96.04677603,CEDAR
888,Glen Cunningham,5720,41.34120002,-96.04657704,CED30,2019,41.34120002,-96.04657704,CEDAR
889,Glen Cunningham,5720,41.341182,-96.04662498,CED31,2019,41.341182,-96.04662498,CEDAR
890,Glen Cunningham,5720,41.34115501,-96.04665499,CED33,2019,41.34115501,-96.04665499,CEDAR
891,Glen Cunningham,5720,41.34112903,-96.04663898,CED34,2019,41.34112903,-96.04663898,CEDAR
892,Glen Cunningham,5720,41.34107899,-96.04668701,CED35,2019,41.34107899,-96.04668701,CEDAR
893,Glen Cunningham,5720,41.34106901,-96.04659699,CED36,2019,41.34106901,-96.04659699,CEDAR
894,Glen Cunningham,5720,41.34109299,-96.04657897,CED37,2019,41.34109299,-96.04657897,CEDAR
895,Glen Cunningham,5720,41.34093298,-96.04689002,CED371,2019,41.34093298,-96.04689002,CEDAR
896,Glen Cunningham,5720,41.34112199,-96.04648199,CED38,2019,41.34112199,-96.04648199,CEDAR
897,Glen Cunningham,5720,41.34093398,-96.04689999,CED39,2019,41.34093398,-96.04689999,CEDAR
898,Glen Cunningham,5720,41.34072804,-96.04668198,CED4,2019,41.34072804,-96.04668198,CEDAR
899,Glen Cunningham,5720,41.34090297,-96.04690804,CED40,2019,41.34090297,-96.04690804,CEDAR
900,Glen Cunningham,5720,41.34089501,-96.04697501,CED41,2019,41.34089501,-96.04697501,CEDAR
901,Glen Cunningham,5720,41.340909,-96.04698499,CED42,2019,41.340909,-96.04698499,CEDAR
902,Glen Cunningham,5720,41.34091403,-96.04700603,CED43,2019,41.34091403,-96.04700603,CEDAR
903,Glen Cunningham,5720,41.34089098,-96.04705397,CED44,2019,41.34089098,-96.04705397,CEDAR
904,Glen Cunningham,5720,41.34090297,-96.04708599,CED45,2019,41.34090297,-96.04708599,CEDAR
905,Glen Cunningham,5720,41.340952,-96.04715497,CED451,2019,41.340952,-96.04715497,CEDAR
906,Glen Cunningham,5720,41.340994,-96.04708901,CED46,2019,41.340994,-96.04708901,CEDAR
907,Glen Cunningham,5720,41.34101696,-96.04699899,CED47,2019,41.34101696,-96.04699899,CEDAR
908,Glen Cunningham,5720,41.34021599,-96.05135799,CED49,2019,41.34021599,-96.05135799,CEDAR
909,Glen Cunningham,5720,41.34021901,-96.05140904,CED50,2019,41.34021901,-96.05140904,CEDAR
910,Glen Cunningham,5720,41.34022898,-96.05138901,CED51,2019,41.34022898,-96.05138901,CEDAR
911,Glen Cunningham,5720,41.34017902,-96.05187298,CED52,2019,41.34017902,-96.05187298,CEDAR
912,Glen Cunningham,5720,41.34017198,-96.05193601,CED53,2019,41.34017198,-96.05193601,CEDAR
913,Glen Cunningham,5720,41.34015799,-96.05198001,CED54,2019,41.34015799,-96.05198001,CEDAR
914,Glen Cunningham,5720,41.34020098,-96.052006,CED55,2019,41.34020098,-96.052006,CEDAR
915,Glen Cunningham,5720,41.34021599,-96.05206802,CED56,2019,41.34021599,-96.05206802,CEDAR
916,Glen Cunningham,5720,41.34030702,-96.05208202,CED58,2019,41.34030702,-96.05208202,CEDAR
917,Glen Cunningham,5720,41.34031699,-96.05211404,CED59,2019,41.34031699,-96.05211404,CEDAR
918,Glen Cunningham,5720,41.34075302,-96.04656598,CED6,2019,41.34075302,-96.04656598,CEDAR
919,Glen Cunningham,5720,41.34004802,-96.05201103,CED60,2019,41.34004802,-96.05201103,CEDAR
920,Glen Cunningham,5720,41.34002103,-96.05155497,CED61,2019,41.34002103,-96.05155497,CEDAR
921,Glen Cunningham,5720,41.33980603,-96.05088299,CED611,2019,41.33980603,-96.05088299,CEDAR
922,Glen Cunningham,5720,41.33936397,-96.05048502,CED63,2019,41.33936397,-96.05048502,CEDAR
923,Glen Cunningham,5720,41.33950302,-96.05057102,CED65,2019,41.33950302,-96.05057102,CEDAR
924,Glen Cunningham,5720,41.33954401,-96.05066003,CED66,2019,41.33954401,-96.05066003,CEDAR
925,Glen Cunningham,5720,41.339542,-96.05069197,CED67,2019,41.339542,-96.05069197,CEDAR
926,Glen Cunningham,5720,41.33963504,-96.05070496,CED68,2019,41.33963504,-96.05070496,CEDAR
927,Glen Cunningham,5720,41.33967502,-96.05069398,CED69,2019,41.33967502,-96.05069398,CEDAR
928,Glen Cunningham,5720,41.34079501,-96.046555,CED7,2019,41.34079501,-96.046555,CEDAR
929,Glen Cunningham,5720,41.339671,-96.05064704,CED70,2019,41.339671,-96.05064704,CEDAR
930,Glen Cunningham,5720,41.33952096,-96.05043699,CED71,2019,41.33952096,-96.05043699,CEDAR
931,Glen Cunningham,5720,41.33941401,-96.05031998,CED72,2019,41.33941401,-96.05031998,CEDAR
932,Glen Cunningham,5720,41.33943597,-96.05021403,CED73,2019,41.33943597,-96.05021403,CEDAR
933,Glen Cunningham,5720,41.33947897,-96.050137,CED75,2019,41.33947897,-96.050137,CEDAR
934,Glen Cunningham,5720,41.33945399,-96.05015201,CED76,2019,41.33945399,-96.05015201,CEDAR
935,Glen Cunningham,5720,41.33945701,-96.05007598,CED77,2019,41.33945701,-96.05007598,CEDAR
936,Glen Cunningham,5720,41.33945298,-96.050036,CED78,2019,41.33945298,-96.050036,CEDAR
937,Glen Cunningham,5720,41.33946296,-96.04996299,CED79,2019,41.33946296,-96.04996299,CEDAR
938,Glen Cunningham,5720,41.34084597,-96.04653002,CED8,2019,41.34084597,-96.04653002,CEDAR
939,Glen Cunningham,5720,41.33941401,-96.04993299,CED80,2019,41.33941401,-96.04993299,CEDAR
940,Glen Cunningham,5720,41.33946698,-96.04994698,CED801,2019,41.33946698,-96.04994698,CEDAR
941,Glen Cunningham,5720,41.33950797,-96.04983903,CED81,2019,41.33950797,-96.04983903,CEDAR
942,Glen Cunningham,5720,41.33954502,-96.04980701,CED82,2019,41.33954502,-96.04980701,CEDAR
943,Glen Cunningham,5720,41.339456,-96.04974196,CED83,2019,41.339456,-96.04974196,CEDAR
944,Glen Cunningham,5720,41.33935802,-96.04960299,CED84,2019,41.33935802,-96.04960299,CEDAR
945,Glen Cunningham,5720,41.33934301,-96.04956703,CED85,2019,41.33934301,-96.04956703,CEDAR
946,Glen Cunningham,5720,41.33933698,-96.04947701,CED86,2019,41.33933698,-96.04947701,CEDAR
947,Glen Cunningham,5720,41.34061798,-96.04696596,CEDAR1,2019,41.34061798,-96.04696596,CEDAR
948,Glen Cunningham,5720,41.35263998,-96.05833903,ISLAND,2019,41.35263998,-96.05833903,ISLAND
949,Glen Cunningham,5720,41.34544102,-96.055142,LOG,2019,41.34544102,-96.055142,TREE
950,Glen Cunningham,5720,41.35266596,-96.05571499,LOG1,2019,41.35266596,-96.05571499,TREE
953,Glen Cunningham,5720,41.35345101,-96.05534501,P1,2019,41.35345101,-96.05534501,STRUCTURE
954,Glen Cunningham,5720,41.35013999,-96.05388002,PALLET,2019,41.35013999,-96.05388002,ROCK PILE
955,Glen Cunningham,5720,41.34136297,-96.04727198,ROCK1,2019,41.34136297,-96.04727198,ROCK PILE
956,Glen Cunningham,5720,41.341397,-96.04722898,ROCK2,2019,41.341397,-96.04722898,ROCK PILE
957,Glen Cunningham,5720,41.34140203,-96.04773299,ROCK3,2019,41.34140203,-96.04773299,ROCK PILE
958,Glen Cunningham,5720,41.34150898,-96.04794497,ROCK4,2019,41.34150898,-96.04794497,ROCK PILE
959,Glen Cunningham,5720,41.34153002,-96.04811101,ROCK5,2019,41.34153002,-96.04811101,ROCK PILE
960,Glen Cunningham,5720,41.33948802,-96.04994296,ROCK51,2019,41.33948802,-96.04994296,ROCK PILE
961,Glen Cunningham,5720,41.34134796,-96.04847504,ROCK6,2019,41.34134796,-96.04847504,ROCK PILE
962,Glen Cunningham,5720,41.33950998,-96.04977801,ROCK61,2019,41.33950998,-96.04977801,ROCK PILE
963,Glen Cunningham,5720,41.34015203,-96.04836599,ROCK62,2019,41.34015203,-96.04836599,ROCK PILE
964,Glen Cunningham,5720,41.339297,-96.05100797,ROOTWAD1,2019,41.339297,-96.05100797,ROOTWAD
965,Glen Cunningham,5720,41.33940202,-96.05073304,ROOTWAD2,2019,41.33940202,-96.05073304,ROOTWAD
966,Glen Cunningham,5720,41.34225698,-96.0554,SHOAL1,2019,41.34225698,-96.0554,SHOAL
967,Glen Cunningham,5720,41.34265596,-96.05509096,SHOAL2,2019,41.34265596,-96.05509096,SHOAL
968,Glen Cunningham,5720,41.34302703,-96.05488703,SHOAL3,2019,41.34302703,-96.05488703,SHOAL
969,Glen Cunningham,5720,41.34163102,-96.05594499,SHOAL4,2019,41.34163102,-96.05594499,SHOAL
970,Glen Cunningham,5720,41.34437601,-96.05489197,SPAWN BED11,2019,41.34437601,-96.05489197,SHOAL
971,Glen Cunningham,5720,41.35315496,-96.05711502,SPAWN BED4,2019,41.35315496,-96.05711502,SHOAL
972,Glen Cunningham,5720,41.352585,-96.05687002,SPAWN BED5,2019,41.352585,-96.05687002,SHOAL
973,Glen Cunningham,5720,41.35292002,-96.05585698,SPAWN BED6,2019,41.35292002,-96.05585698,SHOAL
974,Glen Cunningham,5720,41.35376802,-96.055716,SPAWN BED7,2019,41.35376802,-96.055716,SHOAL
975,Glen Cunningham,5720,41.35442499,-96.05529799,SPAWN BED8,2019,41.35442499,-96.05529799,SHOAL
976,Glen Cunningham,5720,41.34393998,-96.05617499,SPAWN10,2019,41.34393998,-96.05617499,SHOAL
977,Glen Cunningham,5720,41.34128703,-96.04716696,STUMP1,2019,41.34128703,-96.04716696,TREE
978,Glen Cunningham,5720,41.34121503,-96.04723401,STUMP2,2019,41.34121503,-96.04723401,TREE
979,Glen Cunningham,5720,41.34031598,-96.05056004,STUMP3,2019,41.34031598,-96.05056004,TREE
980,Glen Cunningham,5720,41.35213899,-96.05309397,TREE,2019,41.35213899,-96.05309397,TREE
981,Glen Cunningham,5720,41.35368797,-96.05822101,VEG BAR,2019,41.35368797,-96.05822101,SHOAL
982,Glen Cunningham,5720,41.34163102,-96.05594499,VEG BAR1,2019,41.34163102,-96.05594499,SHOAL
983,Glen Cunningham,5720,41.34417803,-96.05753596,VEG BAR5,2019,41.34417803,-96.05753596,SHOAL
984,Glen Cunningham,5720,41.34423796,-96.057227,VEG BAR6,2019,41.34423796,-96.057227,SHOAL
985,Glen Cunningham,5720,41.34437299,-96.05547401,VEG BAR61,2019,41.34437299,-96.05547401,SHOAL
986,Glen Cunningham,5720,41.35342796,-96.05750704,VEG BAR7,2019,41.35342796,-96.05750704,SHOAL
987,Glen Cunningham,5720,41.35332,-96.05605597,VEG BAR8,2019,41.35332,-96.05605597,SHOAL
988,Glen Cunningham,5720,41.35416901,-96.05570996,VEG BAR9,2019,41.35416901,-96.05570996,SHOAL
